LIME coefficients version,20251010_v1
Interpolation spectrum,ASD
latitude (deg),0.0
longitude (deg),180.0
altitude (m),0.0
datetime,2024-10-17 12:30:00+00:00
moon phase angle (deg),2.0094104876945935
selenographic latitude (deg),-2.4629755796726673
selenographic longitude (deg),1.06320402779235
solar selenographic longitude (rad),0.010556410111700304
distance sun moon (AU),0.9988308198747283
distance observer moon (km),351276.5402053473
CIMEL Wavelengths (nm),2024-10-17 12:30:00.000+00:00 Irradiances (Wm⁻²nm⁻¹),2024-10-17 12:30:00.000+00:00 Irradiances (Wm⁻²nm⁻¹) uncertainties (k=2)
440,5.099748341945304e-06,5.964964678486894e-08
500,6.038757968189439e-06,6.390761685156668e-08
675,5.854093819479469e-06,6.004336014502079e-08
870,4.141675176591549e-06,4.298004043919983e-08
1020,3.3090267937381584e-06,4.01615058010779e-08
1640,1.4601100637687751e-06,1.8126937163794646e-08
Wavelengths (nm),2024-10-17 12:30:00.000+00:00 Irradiances (Wm⁻²nm⁻¹),2024-10-17 12:30:00.000+00:00 Irradiances (Wm⁻²nm⁻¹) uncertainties (k=2)
350.0,2.045319058896095e-06,2.7596435242639987e-08
351.0,2.0952300535450673e-06,2.8239239794193526e-08
352.0,2.110066100704984e-06,2.842678539640582e-08
353.0,2.1649222174408127e-06,2.9168666908896363e-08
354.0,2.253644323792541e-06,3.0373384195870446e-08
355.0,2.2611003545310076e-06,3.0507996991415956e-08
356.0,2.1333334834700194e-06,2.874250603090325e-08
357.0,1.95173837319819e-06,2.629742584423574e-08
358.0,1.8654849734588667e-06,2.5170136763764712e-08
359.0,1.9471487163797135e-06,2.627173145388516e-08
360.0,2.0764532324048874e-06,2.8006668166252835e-08
361.0,2.131025421620479e-06,2.8732044527469743e-08
362.0,2.168889611135248e-06,2.9205444487578626e-08
363.0,2.246204987687318e-06,3.026631844310959e-08
364.0,2.3493913680271893e-06,3.165533153344892e-08
365.0,2.4907436585889262e-06,3.3553705566522726e-08
366.0,2.632667252265398e-06,3.545398262067507e-08
367.0,2.6902603758232134e-06,3.626325562120551e-08
368.0,2.680979121432135e-06,3.6109612118396187e-08
369.0,2.686766720432529e-06,3.620880040432006e-08
370.0,2.6937569973350635e-06,3.631581270762902e-08
371.0,2.639217975381948e-06,3.557536277953771e-08
372.0,2.511128208065357e-06,3.385839215215529e-08
373.0,2.352749139937298e-06,3.170835460013214e-08
374.0,2.266014980526343e-06,3.053974482764963e-08
375.0,2.330857049859004e-06,3.1410753096122205e-08
376.0,2.519187033147304e-06,3.397762886293557e-08
377.0,2.741292106865427e-06,3.689262299874892e-08
378.0,2.8752372165073235e-06,3.875441390086159e-08
379.0,2.8474334088943098e-06,3.8390637754295985e-08
380.0,2.7370088061125548e-06,3.6909849060698506e-08
381.0,2.5658054713462634e-06,3.464407957352755e-08
382.0,2.2883161454973115e-06,3.0888702086889385e-08
383.0,2.0667519693811754e-06,2.78749909578101e-08
384.0,2.089405631404229e-06,2.8188578825193542e-08
385.0,2.258635782348638e-06,3.045756453881801e-08
386.0,2.376477713961301e-06,3.201609575051028e-08
387.0,2.423593313930848e-06,3.264188941837148e-08
388.0,2.491383741281962e-06,3.359081403743514e-08
389.0,2.650586135136479e-06,3.5678594327238455e-08
390.0,2.848629482597379e-06,3.837548653458397e-08
391.0,2.8992676007838203e-06,3.909443508477976e-08
392.0,2.662032549236984e-06,3.5903776406253065e-08
393.0,2.3305346799431094e-06,3.139835793068695e-08
394.0,2.2971596469211277e-06,3.0996619060297904e-08
395.0,2.498778836695397e-06,3.372458885088792e-08
396.0,2.572692697139643e-06,3.4678228174645946e-08
397.0,2.6650147794061847e-06,3.59035026062105e-08
398.0,3.0914443963124983e-06,4.169791808172492e-08
399.0,3.64481585563498e-06,4.9174652856791816e-08
400.0,4.014301513900215e-06,5.405761336487952e-08
401.0,4.206724833342019e-06,5.6531646124844946e-08
402.0,4.271517321673965e-06,6.19564234345642e-08
403.0,4.2548435335754985e-06,6.029312608166368e-08
404.0,4.201642742656519e-06,6.061478384591559e-08
405.0,4.144612005313282e-06,5.986210815440535e-08
406.0,4.110247598566834e-06,6.183240970383215e-08
407.0,4.142260780173504e-06,6.858719388899986e-08
408.0,4.22793641958711e-06,6.343555193189126e-08
409.0,4.289135965289596e-06,6.962735510530071e-08
410.0,4.306147370271719e-06,8.041960133837889e-08
411.0,4.371537291022812e-06,7.128465876571549e-08
412.0,4.47362675452438e-06,5.8585350444605004e-08
413.0,4.521069791127125e-06,5.594273688361664e-08
414.0,4.530697258431276e-06,6.469136632522752e-08
415.0,4.535069031839212e-06,6.329727866083311e-08
416.0,4.546360217814139e-06,6.723211273006238e-08
417.0,4.5261653982405294e-06,6.909118525243137e-08
418.0,4.488323431595694e-06,6.670451407588933e-08
419.0,4.4889973663859824e-06,6.550674657831033e-08
420.0,4.540943250892559e-06,6.918195964933814e-08
421.0,4.594493581906206e-06,7.246907011799427e-08
422.0,4.575032917800424e-06,6.900396515256537e-08
423.0,4.522835915636805e-06,6.680366765736116e-08
424.0,4.510928912839763e-06,6.58542589926472e-08
425.0,4.510530251170059e-06,6.612272218103415e-08
426.0,4.477178091852139e-06,6.438934118438561e-08
427.0,4.408468401830989e-06,6.119586046796872e-08
428.0,4.291545154713742e-06,5.7587201088387973e-08
429.0,4.09043607171738e-06,5.666717311230619e-08
430.0,3.897625690151955e-06,4.8457101857140966e-08
431.0,3.97242146714254e-06,4.608574640120128e-08
432.0,4.2932586314260555e-06,5.019936038436229e-08
433.0,4.5429610646358504e-06,5.24894666371436e-08
434.0,4.650403356430872e-06,5.350367516744356e-08
435.0,4.774430606663301e-06,5.460149558715769e-08
436.0,4.912296417459993e-06,5.799477007200693e-08
437.0,4.927418084769388e-06,5.847946457547674e-08
438.0,4.833273600765334e-06,5.680403411321735e-08
439.0,4.8092020936423766e-06,5.536163348362668e-08
440.0,4.9256789823116695e-06,5.574997798302089e-08
441.0,5.107257953475341e-06,5.7310848449588545e-08
442.0,5.2789680131598e-06,5.9126449628935745e-08
443.0,5.386193760964168e-06,6.353544545856997e-08
444.0,5.412657251245533e-06,6.427739613369398e-08
445.0,5.3891715689481486e-06,6.512782567121125e-08
446.0,5.388598264170144e-06,6.722611209065739e-08
447.0,5.478595659672597e-06,7.120656576327715e-08
448.0,5.606818547135181e-06,7.562822380424311e-08
449.0,5.720879764419082e-06,8.092948042004076e-08
450.0,5.8293526345743785e-06,8.410616749719783e-08
451.0,5.872890771243002e-06,8.11326981132348e-08
452.0,5.800811754315649e-06,8.27909480259706e-08
453.0,5.70148760870863e-06,8.453481529725929e-08
454.0,5.692084016617364e-06,8.166309928056902e-08
455.0,5.76908222536771e-06,8.615362618826015e-08
456.0,5.859467298546411e-06,8.556737981245718e-08
457.0,5.9036956820717955e-06,7.657139140126637e-08
458.0,5.885470741049584e-06,7.124590198114169e-08
459.0,5.857011865265413e-06,7.111370682855781e-08
460.0,5.879015761672193e-06,7.41638628646997e-08
461.0,5.943155476824663e-06,7.56576706838129e-08
462.0,5.989407398418277e-06,7.23784792151041e-08
463.0,5.97680752716943e-06,6.882386618969456e-08
464.0,5.9209811927192615e-06,6.627564474708658e-08
465.0,5.871212985830727e-06,6.51036658238092e-08
466.0,5.846971156763404e-06,6.497912357851017e-08
467.0,5.843810091285781e-06,6.495043988787632e-08
468.0,5.868328399093682e-06,6.524135719035725e-08
469.0,5.884138430487888e-06,6.393296603585212e-08
470.0,5.87838348655818e-06,6.342969833634122e-08
471.0,5.906966601478405e-06,6.168069028121491e-08
472.0,5.976056534821349e-06,6.014096713769274e-08
473.0,6.030229995190408e-06,6.078699914955269e-08
474.0,6.063654815124941e-06,6.06787600210259e-08
475.0,6.087023770873459e-06,6.092596500528528e-08
476.0,6.0986553573820545e-06,6.088853654444903e-08
477.0,6.1308059542622465e-06,6.117595862346581e-08
478.0,6.178646732355834e-06,6.223197300663029e-08
479.0,6.206865800367268e-06,6.322329176891145e-08
480.0,6.218711568423177e-06,6.288219098710873e-08
481.0,6.22961325289307e-06,6.258419878096778e-08
482.0,6.219520787934129e-06,6.225051494883822e-08
483.0,6.157002253199098e-06,6.194940160983072e-08
484.0,6.016446982905403e-06,6.060649179617172e-08
485.0,5.775085417215654e-06,5.781350290678646e-08
486.0,5.5470186707017505e-06,5.5449325612418966e-08
487.0,5.542996098900087e-06,5.577371221342302e-08
488.0,5.7340649824371225e-06,5.685660341280776e-08
489.0,5.937517914016324e-06,5.9591449951876166e-08
490.0,6.058736003881251e-06,6.091572143548335e-08
491.0,6.061887430374375e-06,6.122090672583194e-08
492.0,6.017771950150201e-06,6.090798852300477e-08
493.0,6.03490921690717e-06,6.136096605717946e-08
494.0,6.104812827673117e-06,6.247459503197038e-08
495.0,6.16220609981343e-06,6.327856867340141e-08
496.0,6.1752283515297655e-06,6.462170854957316e-08
497.0,6.146434295782544e-06,6.475019101718877e-08
498.0,6.086186569255041e-06,6.294397134755286e-08
499.0,6.027057303891969e-06,6.202586608093756e-08
500.0,5.9688580836130005e-06,6.17126071363713e-08
501.0,5.916560821690561e-06,6.179551448576957e-08
502.0,5.9227076726829745e-06,6.126355527301404e-08
503.0,5.985809456916208e-06,6.142812366404214e-08
504.0,6.06200422118898e-06,6.280465553161165e-08
505.0,6.1464009887320956e-06,6.321853190504223e-08
506.0,6.207488102764882e-06,6.337210122743706e-08
507.0,6.198342703505926e-06,6.322648767765285e-08
508.0,6.167131718529095e-06,6.382357981614872e-08
509.0,6.163914035018335e-06,6.345719428070543e-08
510.0,6.171102450828559e-06,6.341672763029944e-08
511.0,6.1672010975798305e-06,6.394585115567115e-08
512.0,6.125867024690485e-06,6.371801037255393e-08
513.0,6.045375022829009e-06,6.410247126588233e-08
514.0,5.967250082054557e-06,6.541644140696276e-08
515.0,5.8852876674873815e-06,6.364800421082301e-08
516.0,5.731973426001854e-06,6.141005791834018e-08
517.0,5.557921568387728e-06,5.905653432436057e-08
518.0,5.5332492759104875e-06,5.9026377781290286e-08
519.0,5.679774600251239e-06,6.167782899497288e-08
520.0,5.866412805423029e-06,6.232796895087469e-08
521.0,5.9931313972307095e-06,6.315024347721951e-08
522.0,6.052511834022007e-06,6.477724013252283e-08
523.0,6.093385422783834e-06,6.389100142458459e-08
524.0,6.148588735619935e-06,6.428338320274219e-08
525.0,6.137517104748645e-06,6.525336458565513e-08
526.0,6.018038236001812e-06,6.557705257089983e-08
527.0,5.9361392835000985e-06,6.465487464482229e-08
528.0,6.025602512075525e-06,6.577020221160428e-08
529.0,6.188532999452982e-06,6.837248722147339e-08
530.0,6.287810200924213e-06,7.164210126273043e-08
531.0,6.296721129326854e-06,7.504061980934894e-08
532.0,6.22684471715931e-06,7.56989322207421e-08
533.0,6.157485905952704e-06,7.261904627894201e-08
534.0,6.180471538288009e-06,7.460329643097376e-08
535.0,6.2517224859735525e-06,7.621267294040922e-08
536.0,6.278089928134433e-06,7.507826189103239e-08
537.0,6.2541474947063294e-06,7.379533626834625e-08
538.0,6.228429674428121e-06,7.113952543293238e-08
539.0,6.191464660977225e-06,7.033489681062785e-08
540.0,6.14289531201392e-06,7.301224453168568e-08
541.0,6.14094721804822e-06,7.274986924820908e-08
542.0,6.191145136947485e-06,6.983513548587576e-08
543.0,6.241794792054512e-06,6.681483567646076e-08
544.0,6.281226846054191e-06,6.61070484634253e-08
545.0,6.305254498881256e-06,6.725465234291045e-08
546.0,6.302003534445994e-06,6.813442750227441e-08
547.0,6.278019180742985e-06,6.775304802490567e-08
548.0,6.2637759458362015e-06,6.814742466747554e-08
549.0,6.272358839611726e-06,6.812065086283574e-08
550.0,6.280288779638066e-06,6.798844924841436e-08
551.0,6.279448340014041e-06,6.891809524422041e-08
552.0,6.277423374241894e-06,6.86269084557046e-08
553.0,6.286361692669861e-06,6.916038540006644e-08
554.0,6.313279409270558e-06,7.139680058707625e-08
555.0,6.324173072524136e-06,6.934104202847064e-08
556.0,6.2905103893976045e-06,6.759670743428469e-08
557.0,6.228961224232145e-06,6.612454586209082e-08
558.0,6.170915143581687e-06,6.445588408469715e-08
559.0,6.144825249327037e-06,6.442126911685026e-08
560.0,6.172738618687648e-06,6.344480036685093e-08
561.0,6.229604689821182e-06,6.28143076930268e-08
562.0,6.272623383009704e-06,6.320371803398599e-08
563.0,6.294672847935793e-06,6.321713082202908e-08
564.0,6.296309572122796e-06,6.342657131987336e-08
565.0,6.276333858097066e-06,6.349235993888561e-08
566.0,6.265229836647604e-06,6.352492948585733e-08
567.0,6.2859120802580156e-06,6.355266610370445e-08
568.0,6.30091260865608e-06,6.345803412748164e-08
569.0,6.2828464156444165e-06,6.319750655542072e-08
570.0,6.253401957773363e-06,6.297929469994801e-08
571.0,6.25813358828506e-06,6.31550054748862e-08
572.0,6.3268167863309974e-06,6.389949558237024e-08
573.0,6.405511258391932e-06,6.438871962663002e-08
574.0,6.426595783798221e-06,6.442755303432076e-08
575.0,6.4017359908216986e-06,6.389308137017607e-08
576.0,6.375919271086762e-06,6.3459415355743e-08
577.0,6.359512743230024e-06,6.315576025774854e-08
578.0,6.3351536384402865e-06,6.253772985924029e-08
579.0,6.324193810141433e-06,6.222628331643596e-08
580.0,6.342764138279619e-06,6.280464039368975e-08
581.0,6.378909918328577e-06,6.263166819168234e-08
582.0,6.414449630446856e-06,6.262180442639361e-08
583.0,6.429630824581886e-06,6.268375095484191e-08
584.0,6.411256528684081e-06,6.309327700495287e-08
585.0,6.366979625581118e-06,6.22428297712825e-08
586.0,6.334196647065346e-06,6.144538966219453e-08
587.0,6.3102614362571955e-06,6.135659443979447e-08
588.0,6.234307439495694e-06,6.06578269661345e-08
589.0,6.129918840891009e-06,5.98734601939416e-08
590.0,6.1315475886438635e-06,6.024930324883317e-08
591.0,6.238922346510474e-06,6.112438205282777e-08
592.0,6.325195250486874e-06,6.152952640868197e-08
593.0,6.353411657650594e-06,6.183251393948448e-08
594.0,6.3586251898369145e-06,6.157190326746122e-08
595.0,6.3621522465611e-06,6.213720584495018e-08
596.0,6.368292426069204e-06,6.21973475680182e-08
597.0,6.362573942601604e-06,6.156990830268038e-08
598.0,6.339482640569485e-06,6.082934814586928e-08
599.0,6.313721356978953e-06,6.035521670312081e-08
600.0,6.28877895959935e-06,6.042034486934795e-08
601.0,6.260459856181308e-06,5.985285370966425e-08
602.0,6.259324015355866e-06,5.96789987228295e-08
603.0,6.30239206153145e-06,5.998204108983281e-08
604.0,6.353167222658549e-06,6.041899218433609e-08
605.0,6.37465985838916e-06,6.08045357520919e-08
606.0,6.36705511289914e-06,6.049054016864905e-08
607.0,6.3469104660224335e-06,6.0072827611262e-08
608.0,6.314997069780424e-06,5.982939030891538e-08
609.0,6.278395968425594e-06,5.952154491978539e-08
610.0,6.249831680102193e-06,5.9101905696133473e-08
611.0,6.232148629014471e-06,5.883370423226522e-08
612.0,6.208577590368886e-06,5.934073122677847e-08
613.0,6.176194085716215e-06,5.861424076178229e-08
614.0,6.1441825249068e-06,5.829525129278946e-08
615.0,6.108206588532263e-06,5.788503314883114e-08
616.0,6.069961947165791e-06,5.745886622690128e-08
617.0,6.069820899546852e-06,5.7541755187652425e-08
618.0,6.121933586134197e-06,5.797954848066968e-08
619.0,6.178854826678136e-06,5.859403881325294e-08
620.0,6.2047033848219e-06,5.882463009277098e-08
621.0,6.196773308923945e-06,5.90401793175845e-08
622.0,6.160386984943924e-06,5.808276670077649e-08
623.0,6.116058826568693e-06,5.762695130324955e-08
624.0,6.0753614064298085e-06,5.775846599410713e-08
625.0,6.059212463780338e-06,5.8333541872268256e-08
626.0,6.089101695948282e-06,5.7855985290769626e-08
627.0,6.146624881710207e-06,5.7928882327350326e-08
628.0,6.1823630205722914e-06,5.8646255223141466e-08
629.0,6.176078529723818e-06,5.983498780073775e-08
630.0,6.146933599314086e-06,5.913504543930539e-08
631.0,6.116268261519376e-06,5.822511598983885e-08
632.0,6.101488679332586e-06,5.817958228143423e-08
633.0,6.102080874966878e-06,5.8762287625211525e-08
634.0,6.105524749929569e-06,5.9530275080623735e-08
635.0,6.109972237071086e-06,5.9054110992120906e-08
636.0,6.1166809340698005e-06,5.866955634205296e-08
637.0,6.128741602897671e-06,5.980194464141394e-08
638.0,6.135956264323685e-06,5.9367958739554617e-08
639.0,6.107737942145575e-06,5.884875217746453e-08
640.0,6.054011940061256e-06,5.8976229253509895e-08
641.0,6.016724908075903e-06,5.861298691309169e-08
642.0,6.012841044315662e-06,5.7579128799322384e-08
643.0,6.0238048346698025e-06,5.7199690408063406e-08
644.0,6.02555234229383e-06,5.71185002986175e-08
645.0,6.008887725003593e-06,5.780660633661983e-08
646.0,5.9964350183666014e-06,5.769775717959262e-08
647.0,5.998537175319122e-06,5.712968454444322e-08
648.0,5.9865974291667625e-06,5.721148988503154e-08
649.0,5.949023829979209e-06,5.6849118108433214e-08
650.0,5.9334713211667135e-06,5.658414711755678e-08
651.0,5.964337505540491e-06,5.6782140844458434e-08
652.0,5.992691444983716e-06,5.68827403718599e-08
653.0,5.9795694460787315e-06,5.674758535748572e-08
654.0,5.89242078423536e-06,5.584446066028619e-08
655.0,5.695475018885252e-06,5.4266161981423704e-08
656.0,5.489067730341896e-06,5.210574368950724e-08
657.0,5.479535790609218e-06,5.203823925375631e-08
658.0,5.654481152336568e-06,5.3826656506877326e-08
659.0,5.813614527661544e-06,5.5132957244551274e-08
660.0,5.887016296304098e-06,5.582906655496358e-08
661.0,5.920775719663819e-06,5.601901078177238e-08
662.0,5.9306151659119625e-06,5.600877046777573e-08
663.0,5.922791390743032e-06,5.5820764457789516e-08
664.0,5.917671584115798e-06,5.58394068781901e-08
665.0,5.925053815273621e-06,5.600666511263025e-08
666.0,5.925911315883828e-06,5.6114220758736545e-08
667.0,5.918697584310192e-06,5.6099432650982e-08
668.0,5.9172789230055675e-06,5.6069415697607535e-08
669.0,5.9160737630576675e-06,5.64507595540427e-08
670.0,5.898121128751373e-06,5.636869815334117e-08
671.0,5.872189269995677e-06,5.697150260422528e-08
672.0,5.856483587077579e-06,5.725385373192458e-08
673.0,5.853410662151707e-06,5.5622741294964455e-08
674.0,5.856941749927878e-06,5.5840472186213914e-08
675.0,5.855321623284637e-06,5.619801194390152e-08
676.0,5.854763128491075e-06,5.6231384787449644e-08
677.0,5.855360864888637e-06,5.627344687667012e-08
678.0,5.853981323816881e-06,5.6259807476434986e-08
679.0,5.848305107105716e-06,5.6153640386919746e-08
680.0,5.840804804035435e-06,5.591231220105419e-08
681.0,5.8359789827648e-06,5.579554729798976e-08
682.0,5.82831083266378e-06,5.5707454302084205e-08
683.0,5.807534412477829e-06,5.539551441872548e-08
684.0,5.7798409609908605e-06,5.519477617420483e-08
685.0,5.768113055101285e-06,5.5132159027015336e-08
686.0,5.777794737578493e-06,5.521573507235066e-08
687.0,5.794858289691458e-06,5.551480198623664e-08
688.0,5.805587073352783e-06,5.571064469333684e-08
689.0,5.809190455291406e-06,5.58545100578056e-08
690.0,5.803376610408291e-06,5.60498683848731e-08
691.0,5.786294473321093e-06,5.604470948901958e-08
692.0,5.769533021484416e-06,5.5592099179239604e-08
693.0,5.767273482742865e-06,5.581599426053285e-08
694.0,5.769625679456565e-06,5.646766934188429e-08
695.0,5.767104059481916e-06,5.6512774629908094e-08
696.0,5.753113085600405e-06,5.581030873145837e-08
697.0,5.729120426681334e-06,5.5126994918828286e-08
698.0,5.708575320803035e-06,5.500859793910791e-08
699.0,5.6963072249726724e-06,5.506054909842921e-08
700.0,5.672262192970643e-06,5.491632436639634e-08
701.0,5.637618351101323e-06,5.4444832750592735e-08
702.0,5.620794749946079e-06,5.433851002781282e-08
703.0,5.631638908842159e-06,5.424306277216862e-08
704.0,5.656669183636811e-06,5.4266657675840454e-08
705.0,5.6733801526815165e-06,5.434037516705097e-08
706.0,5.67324623077415e-06,5.451245255522794e-08
707.0,5.660664060982414e-06,5.4227315441874064e-08
708.0,5.645205081456218e-06,5.4024276944546077e-08
709.0,5.633552007954575e-06,5.3837442964608925e-08
710.0,5.624500520365075e-06,5.368718288139907e-08
711.0,5.611402143649622e-06,5.3453767521021294e-08
712.0,5.591880250972189e-06,5.3288205729985325e-08
713.0,5.575850789716009e-06,5.310664499750211e-08
714.0,5.5659373365934705e-06,5.303019692359271e-08
715.0,5.555015615383906e-06,5.289832432262484e-08
716.0,5.5425360970151406e-06,5.275521372436638e-08
717.0,5.526748433335273e-06,5.256006247098006e-08
718.0,5.500221126670901e-06,5.2325437707388095e-08
719.0,5.471756868672813e-06,5.202046525600528e-08
720.0,5.4578449193366935e-06,5.192613553477288e-08
721.0,5.459321975258886e-06,5.1870855219869965e-08
722.0,5.4685460595355854e-06,5.19431994133399e-08
723.0,5.482847912597405e-06,5.204658403965975e-08
724.0,5.493760199894243e-06,5.220293583815956e-08
725.0,5.494742883220749e-06,5.213473956214578e-08
726.0,5.488510439101206e-06,5.199965288349462e-08
727.0,5.472281200838027e-06,5.181659512534819e-08
728.0,5.440197290165127e-06,5.150437405239683e-08
729.0,5.412842420692916e-06,5.12327754430496e-08
730.0,5.413885712432591e-06,5.1175972238576735e-08
731.0,5.426059858995697e-06,5.1324288823671206e-08
732.0,5.431456644884644e-06,5.134125560151801e-08
733.0,5.434688162316224e-06,5.127948234586154e-08
734.0,5.435634980485927e-06,5.1299235803566823e-08
735.0,5.423949485983203e-06,5.1135426190128765e-08
736.0,5.407154487372713e-06,5.098964692332938e-08
737.0,5.3906374638473825e-06,5.0782655404760026e-08
738.0,5.3624852832404184e-06,5.046331822053848e-08
739.0,5.327110155163966e-06,5.011531446895346e-08
740.0,5.301027970986642e-06,4.98779255439082e-08
741.0,5.285207276320146e-06,4.962658446319964e-08
742.0,5.28749157320962e-06,4.9507886080703095e-08
743.0,5.31014481167518e-06,4.963587978027146e-08
744.0,5.329376392140347e-06,4.9713035989217e-08
745.0,5.338013146683695e-06,4.975938582226908e-08
746.0,5.3439517481512164e-06,4.994507274630097e-08
747.0,5.347974980590557e-06,4.9818760454569437e-08
748.0,5.339335834768144e-06,4.9504844157841396e-08
749.0,5.31702261908602e-06,4.941197391500894e-08
750.0,5.294837911508527e-06,4.921785368515361e-08
751.0,5.283050707551521e-06,4.905663282359604e-08
752.0,5.282095337231195e-06,4.8987340440682036e-08
753.0,5.288238226715703e-06,4.9016826064376184e-08
754.0,5.294411717118046e-06,4.9092654363975355e-08
755.0,5.288110231855857e-06,4.899769657061574e-08
756.0,5.2709136956999084e-06,4.868644080664483e-08
757.0,5.257032194093467e-06,4.848518090908419e-08
758.0,5.248183631051596e-06,4.831459012989362e-08
759.0,5.247706937575417e-06,4.8284016875600876e-08
760.0,5.249146925704789e-06,4.821423110351386e-08
761.0,5.2401865681559055e-06,4.8086742517433657e-08
762.0,5.232199036266373e-06,4.801279854437086e-08
763.0,5.236539892954589e-06,4.79755068023532e-08
764.0,5.22865732346143e-06,4.792022549725341e-08
765.0,5.182759802996947e-06,4.740072618948597e-08
766.0,5.128222079843297e-06,4.6880031351389143e-08
767.0,5.118182008908354e-06,4.6773724629259047e-08
768.0,5.140051664054496e-06,4.701353316127571e-08
769.0,5.14621917764921e-06,4.6992438487383634e-08
770.0,5.134100462941855e-06,4.6917584735524656e-08
771.0,5.123875626211503e-06,4.728357286435843e-08
772.0,5.1143139709117725e-06,4.66710603258033e-08
773.0,5.112215834950208e-06,4.669176343782759e-08
774.0,5.106771001700184e-06,4.6673428861048935e-08
775.0,5.1014181650315246e-06,4.673808502172571e-08
776.0,5.1037619966964855e-06,4.6509834888756835e-08
777.0,5.101069832504538e-06,4.674264131623371e-08
778.0,5.090093533681186e-06,4.663784414154284e-08
779.0,5.082425653992572e-06,4.647970089132626e-08
780.0,5.0799005788861045e-06,4.643321864266229e-08
781.0,5.0811508707580695e-06,4.6402798886417124e-08
782.0,5.0791396368436435e-06,4.6433096809376814e-08
783.0,5.066290782650916e-06,4.62728699306308e-08
784.0,5.0564450947116515e-06,4.628033487188723e-08
785.0,5.057575861811127e-06,4.656423354888836e-08
786.0,5.05911328116726e-06,4.646245499139788e-08
787.0,5.054684976056601e-06,4.632435163482988e-08
788.0,5.0471595575017225e-06,4.639788114148994e-08
789.0,5.039224229742138e-06,4.6524182589927086e-08
790.0,5.025433731595406e-06,4.711260987938225e-08
791.0,4.994417718194609e-06,4.6461325358715246e-08
792.0,4.950160606371965e-06,4.584471731931707e-08
793.0,4.904583669963669e-06,4.5392684704962043e-08
794.0,4.876118284587535e-06,4.475147850987764e-08
795.0,4.890262387177941e-06,4.5094860251865064e-08
796.0,4.926900930203068e-06,4.5659355691281643e-08
797.0,4.9493955542252745e-06,4.584587054750361e-08
798.0,4.947419516281127e-06,4.572856882921929e-08
799.0,4.9286538822042545e-06,4.555218315233966e-08
800.0,4.911034383942671e-06,4.54478403153471e-08
801.0,4.906600689025901e-06,4.555944867595948e-08
802.0,4.902093988014561e-06,4.5849872952472643e-08
803.0,4.886835186762839e-06,4.571009350020853e-08
804.0,4.865914555472494e-06,4.536811357922999e-08
805.0,4.850625549285015e-06,4.501295273685361e-08
806.0,4.846507930204085e-06,4.481137381252162e-08
807.0,4.840940938852853e-06,4.48803179398463e-08
808.0,4.823484557274921e-06,4.5525752894599274e-08
809.0,4.802670466109681e-06,4.532274867408888e-08
810.0,4.800297893396501e-06,4.5314521021468396e-08
811.0,4.814720814822594e-06,4.543332230226928e-08
812.0,4.826946904722689e-06,4.557857063423026e-08
813.0,4.827766828953618e-06,4.561805646070361e-08
814.0,4.820608907226821e-06,4.551732505112926e-08
815.0,4.810745478604411e-06,4.5477030778001476e-08
816.0,4.796023985690107e-06,4.532190351753517e-08
817.0,4.769380154354612e-06,4.510501204903149e-08
818.0,4.725886568906965e-06,4.467874611637165e-08
819.0,4.680559866746329e-06,4.4224885774305216e-08
820.0,4.653715156170502e-06,4.398487689653221e-08
821.0,4.646807470317434e-06,4.392253835918655e-08
822.0,4.6525389871424735e-06,4.3972362250651026e-08
823.0,4.667594219723631e-06,4.413863754399676e-08
824.0,4.680921317561477e-06,4.425370204475376e-08
825.0,4.686954495520837e-06,4.4250502942692504e-08
826.0,4.689542781400474e-06,4.427696918355943e-08
827.0,4.687996192400671e-06,4.430142334084486e-08
828.0,4.680928669203745e-06,4.4215088989204924e-08
829.0,4.667726432585106e-06,4.4092889786503004e-08
830.0,4.64977107305089e-06,4.39371067508084e-08
831.0,4.626884947569291e-06,4.366049117674535e-08
832.0,4.595563855110044e-06,4.334229951508887e-08
833.0,4.558257644114399e-06,4.305770246488788e-08
834.0,4.539418709653701e-06,4.282931021417279e-08
835.0,4.549008908904347e-06,4.292936600386551e-08
836.0,4.565783019386692e-06,4.3039277623735056e-08
837.0,4.569377216237967e-06,4.307637866421687e-08
838.0,4.56015817705639e-06,4.301747338042138e-08
839.0,4.5508609852154515e-06,4.2889714454713574e-08
840.0,4.54976639221568e-06,4.2905844949765514e-08
841.0,4.545125959353553e-06,4.286648765385285e-08
842.0,4.527916053554309e-06,4.2460227554413485e-08
843.0,4.502490435136087e-06,4.1654018007737946e-08
844.0,4.488100539557614e-06,4.153333168007294e-08
845.0,4.491299393230387e-06,4.23651675970569e-08
846.0,4.493660966428034e-06,4.2081510244785655e-08
847.0,4.479626634989928e-06,4.1458306038914306e-08
848.0,4.441061603539188e-06,4.104837203955318e-08
849.0,4.367255824076711e-06,4.1157646567958524e-08
850.0,4.298865486521427e-06,4.018167943769463e-08
851.0,4.2929888008973885e-06,4.00468945521824e-08
852.0,4.2713570718858035e-06,4.0123446967272475e-08
853.0,4.131212733701198e-06,3.88319224381528e-08
854.0,3.959722286005886e-06,3.75517634971762e-08
855.0,3.967458169480338e-06,3.70991267164207e-08
856.0,4.150347853892116e-06,3.8303019777635947e-08
857.0,4.313518711871627e-06,3.984404676839717e-08
858.0,4.373197293483594e-06,4.0480978776883866e-08
859.0,4.375288422128958e-06,4.059066946527242e-08
860.0,4.364081422934913e-06,4.09195336440066e-08
861.0,4.354498661764692e-06,4.108394762746081e-08
862.0,4.350725394206644e-06,4.0751908765035893e-08
863.0,4.341897853924104e-06,4.039298805802396e-08
864.0,4.2874868683761074e-06,3.9772450891246093e-08
865.0,4.1559745989948835e-06,3.9477958192858706e-08
866.0,4.00881867480438e-06,3.861697805948404e-08
867.0,3.988872508300894e-06,3.7942196023654433e-08
868.0,4.092208244333536e-06,3.8597033353350195e-08
869.0,4.1881221156872805e-06,3.941596465522465e-08
870.0,4.230814654717849e-06,4.002551084099885e-08
871.0,4.240693939511426e-06,3.999970262825308e-08
872.0,4.233731603290024e-06,3.9933750853446176e-08
873.0,4.216434389518602e-06,3.99881345737006e-08
874.0,4.193994034955189e-06,3.9730309177428205e-08
875.0,4.1782421839368586e-06,3.937222312741669e-08
876.0,4.177840248844924e-06,3.966203818588576e-08
877.0,4.1829939404866e-06,3.9444195350826546e-08
878.0,4.181583881291497e-06,3.911570413459158e-08
879.0,4.163042085742469e-06,3.9086602406595e-08
880.0,4.13464419392003e-06,3.9567553510537714e-08
881.0,4.122764222114241e-06,4.009296651670418e-08
882.0,4.135811789087496e-06,3.967395282849994e-08
883.0,4.151154658851896e-06,3.8920704633234823e-08
884.0,4.151646276414679e-06,3.883797657384729e-08
885.0,4.130395503387586e-06,3.8691452057583355e-08
886.0,4.098222902463931e-06,3.8356555458137434e-08
887.0,4.082853964262005e-06,3.809130240791919e-08
888.0,4.095271766253775e-06,3.872019576913161e-08
889.0,4.109959888318249e-06,3.8833642163756205e-08
890.0,4.1104218376501494e-06,3.886119075158395e-08
891.0,4.095328655716736e-06,3.871727858062935e-08
892.0,4.074928824278002e-06,3.855190113338822e-08
893.0,4.062425408598356e-06,3.8459677417807804e-08
894.0,4.059987780891884e-06,3.8415652815372305e-08
895.0,4.0605645146920695e-06,3.847805207959415e-08
896.0,4.0614704629726765e-06,3.852790630028397e-08
897.0,4.054934267037175e-06,3.848113034688404e-08
898.0,4.040512442454354e-06,3.836047608906411e-08
899.0,4.013174028625547e-06,3.8130346159972326e-08
900.0,3.9632807117945405e-06,3.769287736541314e-08
901.0,3.9089108541703245e-06,3.723150164761666e-08
902.0,3.895221516735753e-06,3.711981509680201e-08
903.0,3.930595526137805e-06,3.745461043664142e-08
904.0,3.970707428463409e-06,3.7858457081573194e-08
905.0,3.979343311802082e-06,3.800517432365086e-08
906.0,3.96168923405037e-06,3.7892639555403376e-08
907.0,3.938626514144962e-06,3.768785409116021e-08
908.0,3.914240327395049e-06,3.7506024283639034e-08
909.0,3.893456349780974e-06,3.729432971689466e-08
910.0,3.890619184098358e-06,3.733670353411762e-08
911.0,3.903242315153457e-06,3.750148959411709e-08
912.0,3.917518997805354e-06,3.7652752162242444e-08
913.0,3.926483799735845e-06,3.780009955672323e-08
914.0,3.922561279665983e-06,3.780044647153159e-08
915.0,3.909781146302021e-06,3.767353712523791e-08
916.0,3.898016061110333e-06,3.7625850741374243e-08
917.0,3.888822192364003e-06,3.757431678543773e-08
918.0,3.881500011871756e-06,3.7547571847092007e-08
919.0,3.869305975824016e-06,3.7415372817168796e-08
920.0,3.839180889068886e-06,3.722931143600631e-08
921.0,3.7901717094703675e-06,3.6776228988553675e-08
922.0,3.7434777843369816e-06,3.6362776330672287e-08
923.0,3.7210235652649505e-06,3.619553617641495e-08
924.0,3.723976266166574e-06,3.623670995153259e-08
925.0,3.734538305233209e-06,3.637667105607972e-08
926.0,3.7491673944999393e-06,3.6565596117065255e-08
927.0,3.7744948691110388e-06,3.6864891338191173e-08
928.0,3.7944912875123093e-06,3.710186750367176e-08
929.0,3.798020037080619e-06,3.717375925431846e-08
930.0,3.794411291870645e-06,3.716449666920832e-08
931.0,3.7899060700289047e-06,3.718818030264533e-08
932.0,3.785845404299373e-06,3.717331446906865e-08
933.0,3.7829589512843645e-06,3.716676245615465e-08
934.0,3.777065006085657e-06,3.71593472359745e-08
935.0,3.765626840483659e-06,3.70849878473982e-08
936.0,3.7541881933912355e-06,3.698986443243389e-08
937.0,3.746471630174164e-06,3.697423770596706e-08
938.0,3.7379441340202916e-06,3.692123889419235e-08
939.0,3.717830763855748e-06,3.6750950013864784e-08
940.0,3.680008804398907e-06,3.642234847181106e-08
941.0,3.6402412384567335e-06,3.6053254008461714e-08
942.0,3.6258051055745148e-06,3.594803619031281e-08
943.0,3.6322883499205206e-06,3.605379305345547e-08
944.0,3.640272379251527e-06,3.6139825840321646e-08
945.0,3.6517756974637177e-06,3.627751770568591e-08
946.0,3.669152624842697e-06,3.652097456184922e-08
947.0,3.683844351573456e-06,3.665188093314783e-08
948.0,3.6900564062322654e-06,3.679378756109981e-08
949.0,3.687423289538497e-06,3.681735047807959e-08
950.0,3.6768728977606493e-06,3.676451804045757e-08
951.0,3.658930059737088e-06,3.661257448290309e-08
952.0,3.6341400701337693e-06,3.6437960333775846e-08
953.0,3.5972338842970495e-06,3.606705667671015e-08
954.0,3.5517645577101093e-06,3.566514354355297e-08
955.0,3.5290089020015593e-06,3.5529296839380774e-08
956.0,3.5475526480066444e-06,3.5739880689833905e-08
957.0,3.579195983184827e-06,3.6104521002286275e-08
958.0,3.599450153954735e-06,3.636789389717085e-08
959.0,3.606035915625269e-06,3.647763086009978e-08
960.0,3.6015809052600777e-06,3.64820189965885e-08
961.0,3.5911640500244537e-06,3.6437714846180653e-08
962.0,3.5776923342270137e-06,3.63719216291366e-08
963.0,3.565630048891862e-06,3.63125678735688e-08
964.0,3.5583592902963624e-06,3.625673714351379e-08
965.0,3.5511190107262557e-06,3.6276404021520205e-08
966.0,3.5450846229067027e-06,3.622680292168166e-08
967.0,3.546061759509425e-06,3.635389922915918e-08
968.0,3.5487406636825983e-06,3.640354113508411e-08
969.0,3.5466460297055476e-06,3.6440544779631275e-08
970.0,3.5425753037208865e-06,3.645465023364193e-08
971.0,3.541157660465842e-06,3.64981190475966e-08
972.0,3.537288699495581e-06,3.655055067242308e-08
973.0,3.5249262091208174e-06,3.647463605270713e-08
974.0,3.511308994863771e-06,3.639822532772178e-08
975.0,3.5054312836947123e-06,3.638685914605894e-08
976.0,3.503740901927292e-06,3.644353599316269e-08
977.0,3.5012090398005286e-06,3.6468797886964296e-08
978.0,3.4970730923705076e-06,3.6525996582541236e-08
979.0,3.4925413047376856e-06,3.6544607030360504e-08
980.0,3.4914445155089723e-06,3.658430007020651e-08
981.0,3.4942081781264397e-06,3.667262133405288e-08
982.0,3.495626609941986e-06,3.676184865398117e-08
983.0,3.492301340777756e-06,3.678252179946526e-08
984.0,3.486022246996345e-06,3.681219928512836e-08
985.0,3.477190544052219e-06,3.677076323248649e-08
986.0,3.465920083044111e-06,3.673062170759046e-08
987.0,3.4556370891438615e-06,3.6703616779029475e-08
988.0,3.446296772719607e-06,3.6658331304598116e-08
989.0,3.438225988160397e-06,3.663516691450069e-08
990.0,3.437246803766538e-06,3.670392577508393e-08
991.0,3.4406234143241914e-06,3.6785071619385995e-08
992.0,3.4395211449216276e-06,3.6884516259814274e-08
993.0,3.4331562622981424e-06,3.687931572086793e-08
994.0,3.4261304214817926e-06,3.6866598792869895e-08
995.0,3.4214213920808866e-06,3.688212260470973e-08
996.0,3.4184539050115797e-06,3.691660578372263e-08
997.0,3.414240495571409e-06,3.697234896218919e-08
998.0,3.405944442534051e-06,3.692486107322529e-08
999.0,3.3960040991115135e-06,3.691739444799222e-08
1000.0,3.38884882485132e-06,3.690597838935764e-08
1001.0,3.382869871486439e-06,3.689456024537634e-08
1002.0,3.3645773151464456e-06,3.721562936209381e-08
1003.0,3.3229112258282224e-06,3.7172188754883496e-08
1004.0,3.261708343375324e-06,3.708979514797864e-08
1005.0,3.2144565980606118e-06,3.6545238815171866e-08
1006.0,3.2243038018028376e-06,3.6178998741994306e-08
1007.0,3.274278734838661e-06,3.663740622332146e-08
1008.0,3.320095918772695e-06,3.7671971396890895e-08
1009.0,3.3418366013622167e-06,3.754385676698772e-08
1010.0,3.3494229515471227e-06,3.694917923333867e-08
1011.0,3.3500871934815644e-06,3.694017187790066e-08
1012.0,3.3450182216876244e-06,3.665578190000762e-08
1013.0,3.33918311986408e-06,3.5880284183929835e-08
1014.0,3.3323299971280914e-06,3.540274728651345e-08
1015.0,3.3278066008486943e-06,3.575850407333124e-08
1016.0,3.328963069133339e-06,3.5972819345948603e-08
1017.0,3.3315037717360183e-06,3.6326879428761496e-08
1018.0,3.3285480213726462e-06,3.6327075149360455e-08
1019.0,3.3209768454657083e-06,3.605761390082004e-08
1020.0,3.3093584093183135e-06,3.602504203901602e-08
1021.0,3.2982606477794816e-06,3.606439912772232e-08
1022.0,3.2905314649969217e-06,3.585692195083282e-08
1023.0,3.29061559714162e-06,3.557850106644145e-08
1024.0,3.2957976746349957e-06,3.593953596053563e-08
1025.0,3.2962926244734343e-06,3.546465153699809e-08
1026.0,3.292970352094816e-06,3.5104294538779575e-08
1027.0,3.2876386542165155e-06,3.556265405494876e-08
1028.0,3.2789608937775265e-06,3.572368491962123e-08
1029.0,3.2704667364320485e-06,3.567908934628241e-08
1030.0,3.2641978299116587e-06,3.5817350538996004e-08
1031.0,3.258501054324646e-06,3.587659933411118e-08
1032.0,3.24825351003056e-06,3.65389618770613e-08
1033.0,3.233906109075827e-06,3.6586072429940925e-08
1034.0,3.2223310755971013e-06,3.6192478471277225e-08
1035.0,3.221119731594958e-06,3.625402794391196e-08
1036.0,3.2211638646201966e-06,3.605515188142852e-08
1037.0,3.215329992471906e-06,3.6127797880689605e-08
1038.0,3.21329108533578e-06,3.6165693444046474e-08
1039.0,3.217461671029365e-06,3.63191023615198e-08
1040.0,3.2191112851662196e-06,3.703756554432329e-08
1041.0,3.219072695349506e-06,3.66302545322391e-08
1042.0,3.217111291531709e-06,3.63809692965337e-08
1043.0,3.212023930515443e-06,3.679554771835781e-08
1044.0,3.2009176820689113e-06,3.649385948155715e-08
1045.0,3.1832850266985673e-06,3.685157611693055e-08
1046.0,3.1692923721423656e-06,3.7005930047616716e-08
1047.0,3.171425761898396e-06,3.776276159353452e-08
1048.0,3.1833081786603307e-06,3.8188867918801e-08
1049.0,3.188179564986482e-06,3.8060296298083844e-08
1050.0,3.185752294719516e-06,3.7941670183188163e-08
1051.0,3.1796191862419443e-06,3.8222773273887264e-08
1052.0,3.170350792025207e-06,3.822535092457874e-08
1053.0,3.1613524728032916e-06,3.811907334352547e-08
1054.0,3.1577628173254997e-06,3.8823884981442776e-08
1055.0,3.1581128615206134e-06,3.90106866784758e-08
1056.0,3.156000617102061e-06,3.9156673692198146e-08
1057.0,3.1404944960875898e-06,3.93632404070955e-08
1058.0,3.113458224274881e-06,3.9051963326845506e-08
1059.0,3.092863205800642e-06,3.893549165481798e-08
1060.0,3.090338157240081e-06,3.908524143568665e-08
1061.0,3.096615078555377e-06,3.929302692631914e-08
1062.0,3.104782197594563e-06,3.981182448108648e-08
1063.0,3.1084908961111493e-06,4.016469516608038e-08
1064.0,3.1070851513571907e-06,4.052620691168114e-08
1065.0,3.0984365686848625e-06,4.015906683894046e-08
1066.0,3.0792332062558108e-06,3.997590224720748e-08
1067.0,3.0560113845710783e-06,4.011179341496471e-08
1068.0,3.0229937465462796e-06,4.029515793245125e-08
1069.0,2.9929367010571512e-06,4.0357314033456256e-08
1070.0,2.9990022937556285e-06,4.1038120738659276e-08
1071.0,3.025949729577312e-06,4.108479235672637e-08
1072.0,3.0351272729547304e-06,4.100228540443848e-08
1073.0,3.0275629997722312e-06,4.111397773984943e-08
1074.0,3.020356361905724e-06,4.1217726395455785e-08
1075.0,3.0210446396635616e-06,4.1573417077063814e-08
1076.0,3.031195538890627e-06,4.214398562959837e-08
1077.0,3.0392467196666185e-06,4.306900111478611e-08
1078.0,3.02759204946683e-06,4.305019342195078e-08
1079.0,3.0131352691054606e-06,4.2921975418962746e-08
1080.0,3.003297766151453e-06,4.303574886628155e-08
1081.0,2.9860541717498312e-06,4.308030756823291e-08
1082.0,2.9629994340832707e-06,4.301834000823237e-08
1083.0,2.9540646962214352e-06,4.316989909393095e-08
1084.0,2.965591703073027e-06,4.358242874526036e-08
1085.0,2.977533910250193e-06,4.4045464649118376e-08
1086.0,2.9656804867238684e-06,4.4138074306860904e-08
1087.0,2.940285474827591e-06,4.405490137055659e-08
1088.0,2.936172283148732e-06,4.4266210387780764e-08
1089.0,2.9566248806867445e-06,4.4833180334132746e-08
1090.0,2.9759668290731496e-06,4.540995475755461e-08
1091.0,2.974065224869851e-06,4.566394973610517e-08
1092.0,2.9442466516823236e-06,4.5476629227318134e-08
1093.0,2.8925726668230626e-06,4.4966015684208534e-08
1094.0,2.850593054995679e-06,4.456586872845663e-08
1095.0,2.8492429991852973e-06,4.4827950135833625e-08
1096.0,2.8703673131976496e-06,4.5432218675507455e-08
1097.0,2.8851942482706556e-06,4.5937559990730054e-08
1098.0,2.8953282052048233e-06,4.638624502041071e-08
1099.0,2.9111619382841698e-06,4.6884879333039376e-08
1100.0,2.92418595887338e-06,4.7393614995783325e-08
1101.0,2.919424883694008e-06,4.7608792776808e-08
1102.0,2.9096870303431013e-06,4.770785667449061e-08
1103.0,2.913039625769469e-06,4.8062961931198524e-08
1104.0,2.923300848171883e-06,4.84994088105941e-08
1105.0,2.9291369078028824e-06,4.887845351189722e-08
1106.0,2.9311079595397852e-06,4.920034239961476e-08
1107.0,2.9304342099772666e-06,4.94534137323393e-08
1108.0,2.9279470131937373e-06,4.972507430333213e-08
1109.0,2.9247275459417583e-06,4.9926552427464266e-08
1110.0,2.920192096623721e-06,5.011505162596068e-08
1111.0,2.912029892293867e-06,5.024785228314606e-08
1112.0,2.901777046069123e-06,5.036046696194785e-08
1113.0,2.8959252531821427e-06,5.0532729208051365e-08
1114.0,2.895600029384371e-06,5.081293562221932e-08
1115.0,2.896754150565375e-06,5.108859996231571e-08
1116.0,2.8975640659695164e-06,5.1384511501517196e-08
1117.0,2.8950063200376602e-06,5.163168641366433e-08
1118.0,2.8826619978342195e-06,5.166721291719767e-08
1119.0,2.8667086517899346e-06,5.164460891430045e-08
1120.0,2.861462703576829e-06,5.1825561782530395e-08
1121.0,2.8685764373316015e-06,5.222779928861604e-08
1122.0,2.875508011483351e-06,5.2609269053473085e-08
1123.0,2.872622115583895e-06,5.284280031416226e-08
1124.0,2.859135955341348e-06,5.2838414872738894e-08
1125.0,2.843175227168538e-06,5.2824528210960325e-08
1126.0,2.8395447082438744e-06,5.301442818365909e-08
1127.0,2.847000505221781e-06,5.339778855634681e-08
1128.0,2.8468341835802663e-06,5.36918363901813e-08
1129.0,2.8361597463075834e-06,5.374117997285245e-08
1130.0,2.829018076316818e-06,5.386712365451637e-08
1131.0,2.8300435200193123e-06,5.412090180840911e-08
1132.0,2.8324003303857493e-06,5.4443172320053466e-08
1133.0,2.831430255609357e-06,5.470021334502286e-08
1134.0,2.828740222450711e-06,5.490411226016167e-08
1135.0,2.8255764706844607e-06,5.509228072243578e-08
1136.0,2.8211007223978495e-06,5.52340553891415e-08
1137.0,2.811279872654101e-06,5.533090012948777e-08
1138.0,2.7939297696499584e-06,5.5226967992794316e-08
1139.0,2.775792612863584e-06,5.510873384977232e-08
1140.0,2.762857804026125e-06,5.510264552344788e-08
1141.0,2.7598654122616903e-06,5.528640972737455e-08
1142.0,2.769546922475719e-06,5.573484762230813e-08
1143.0,2.7820862331674744e-06,5.622705482762324e-08
1144.0,2.7877996357203417e-06,5.6603405703891315e-08
1145.0,2.788858224747575e-06,5.6845126618212295e-08
1146.0,2.789568001873392e-06,5.7107079433719924e-08
1147.0,2.7871785758147606e-06,5.730964378412765e-08
1148.0,2.7802363565625326e-06,5.740869356212515e-08
1149.0,2.7732659310186936e-06,5.748023022939632e-08
1150.0,2.7707782087499998e-06,5.7704512032952006e-08
1151.0,2.771612175525685e-06,5.7957477564637745e-08
1152.0,2.7733297805840413e-06,5.8209576174209114e-08
1153.0,2.774173624050474e-06,5.848271362232176e-08
1154.0,2.7737321855666854e-06,5.87041232687634e-08
1155.0,2.772068289775027e-06,5.8904234188311846e-08
1156.0,2.7680266950731205e-06,5.90506349659627e-08
1157.0,2.758653830258196e-06,5.908714550521549e-08
1158.0,2.7401236930902697e-06,5.888885764383952e-08
1159.0,2.7140842363943857e-06,5.857735631170251e-08
1160.0,2.6922256597640117e-06,5.8309046702478024e-08
1161.0,2.684566264436461e-06,5.839349588080425e-08
1162.0,2.6904587276195375e-06,5.8734990565609314e-08
1163.0,2.6980088753907947e-06,5.9112965167213846e-08
1164.0,2.698287266584483e-06,5.9335107247816316e-08
1165.0,2.6954476811339054e-06,5.949206513380166e-08
1166.0,2.6938944944541696e-06,5.96694067304315e-08
1167.0,2.6945849381863335e-06,5.993099938638666e-08
1168.0,2.694549421293431e-06,6.010511408920813e-08
1169.0,2.6919693338746664e-06,6.026926648622297e-08
1170.0,2.6943149143867627e-06,6.053255785244842e-08
1171.0,2.7034210507178775e-06,6.097541122500215e-08
1172.0,2.7098154099477864e-06,6.131994064147756e-08
1173.0,2.7057033142037573e-06,6.142846603657726e-08
1174.0,2.687641863778443e-06,6.122089476989527e-08
1175.0,2.6629168872472272e-06,6.08667771097454e-08
1176.0,2.650362627681864e-06,6.07774014182935e-08
1177.0,2.652290209125864e-06,6.101969809924713e-08
1178.0,2.657411970575369e-06,6.134531646282194e-08
1179.0,2.6644152612756394e-06,6.171142025207018e-08
1180.0,2.669147623408083e-06,6.200380818350656e-08
1181.0,2.656661842390328e-06,6.191938604555368e-08
1182.0,2.618302035636695e-06,6.1245056166129e-08
1183.0,2.5802133410206027e-06,6.052067919364312e-08
1184.0,2.5832920065749794e-06,6.078576253918113e-08
1185.0,2.6169082407092322e-06,6.176155676460093e-08
1186.0,2.6397571422861064e-06,6.248512668204345e-08
1187.0,2.6360688354031493e-06,6.258466104668429e-08
1188.0,2.616176829111163e-06,6.230777096857343e-08
1189.0,2.603698650937888e-06,6.219519733797027e-08
1190.0,2.613061962985082e-06,6.261485417165816e-08
1191.0,2.6317596343568934e-06,6.322840646213286e-08
1192.0,2.6418900627234502e-06,6.366455480607765e-08
1193.0,2.641342545803725e-06,6.382483600427923e-08
1194.0,2.634542330729377e-06,6.384546514046787e-08
1195.0,2.624463895564682e-06,6.379986648430872e-08
1196.0,2.6095420415084295e-06,6.359667914469694e-08
1197.0,2.5807544443804625e-06,6.305755862291287e-08
1198.0,2.541668571030598e-06,6.228168111913003e-08
1199.0,2.5245850616137493e-06,6.203495921776817e-08
1200.0,2.5467513123005357e-06,6.275334957337422e-08
1201.0,2.575528546135769e-06,6.361921053122761e-08
1202.0,2.5730537903736714e-06,6.374149079362535e-08
1203.0,2.5491001635243055e-06,6.330052577227305e-08
1204.0,2.5449294322928528e-06,6.334525709532008e-08
1205.0,2.5674961286030505e-06,6.408277425302999e-08
1206.0,2.584322793894706e-06,6.466162661200859e-08
1207.0,2.5754517894833925e-06,6.460730381701695e-08
1208.0,2.5486635603996524e-06,6.409039710625426e-08
1209.0,2.5293181438542924e-06,6.377106365302507e-08
1210.0,2.5274478432542595e-06,6.387745038594633e-08
1211.0,2.5358464782396012e-06,6.424746294419428e-08
1212.0,2.5507709842873373e-06,6.477635647274164e-08
1213.0,2.5634923084825764e-06,6.522759451400538e-08
1214.0,2.5691914164355648e-06,6.554724050053387e-08
1215.0,2.5714054863101672e-06,6.576503852343511e-08
1216.0,2.5690026709165977e-06,6.585119422098832e-08
1217.0,2.561288839461583e-06,6.58036857372823e-08
1218.0,2.5518953366046203e-06,6.570571922581808e-08
1219.0,2.5461445244254204e-06,6.570358485293328e-08
1220.0,2.5451055331433007e-06,6.583069495470689e-08
1221.0,2.545082687890463e-06,6.596428858870866e-08
1222.0,2.5421740939371106e-06,6.603145836240728e-08
1223.0,2.5388124477309404e-06,6.608970757242528e-08
1224.0,2.5372195382473035e-06,6.618881777483429e-08
1225.0,2.5328831915099617e-06,6.620144625490213e-08
1226.0,2.520047170399017e-06,6.599604458917065e-08
1227.0,2.505147648271537e-06,6.576683502538737e-08
1228.0,2.501193447593705e-06,6.57802075946961e-08
1229.0,2.5066498579274458e-06,6.60673660072699e-08
1230.0,2.511365775833321e-06,6.630473896315011e-08
1231.0,2.5127821985783523e-06,6.649066994642252e-08
1232.0,2.510878102761817e-06,6.659403676564043e-08
1233.0,2.5072150531100933e-06,6.671558480886245e-08
1234.0,2.5028086828321704e-06,6.676629281870343e-08
1235.0,2.5005270445659644e-06,6.693931848779667e-08
1236.0,2.5003532286359286e-06,6.711846194081037e-08
1237.0,2.4992501267715205e-06,6.733688038988759e-08
1238.0,2.4930916593324293e-06,6.726873022857374e-08
1239.0,2.482660941275793e-06,6.681549843341555e-08
1240.0,2.4747528243426832e-06,6.670651718491179e-08
1241.0,2.4702952526476774e-06,6.66747864186129e-08
1242.0,2.463125200521982e-06,6.653338017674603e-08
1243.0,2.454410912326601e-06,6.640805317688078e-08
1244.0,2.453126479819265e-06,6.644400886725968e-08
1245.0,2.458472136177356e-06,6.663555218058841e-08
1246.0,2.462120341186371e-06,6.688243760212553e-08
1247.0,2.4621372285723605e-06,6.717649676861196e-08
1248.0,2.460466259948219e-06,6.74580547702584e-08
1249.0,2.4579683796310046e-06,6.758160186096909e-08
1250.0,2.4543179391917127e-06,6.76759472782952e-08
1251.0,2.449079342304387e-06,6.7562355645801e-08
1252.0,2.442442328643961e-06,6.724111467990165e-08
1253.0,2.438267373630719e-06,6.719028873539993e-08
1254.0,2.4359189426673096e-06,6.726002212899986e-08
1255.0,2.430806325840315e-06,6.731325583799286e-08
1256.0,2.4230026409167067e-06,6.727890245682786e-08
1257.0,2.4161327932999736e-06,6.713588769175924e-08
1258.0,2.412003556878528e-06,6.70932461985373e-08
1259.0,2.410240290931024e-06,6.709642545588074e-08
1260.0,2.4083679203481252e-06,6.720009481874242e-08
1261.0,2.403470376650996e-06,6.718920459529013e-08
1262.0,2.398016502814412e-06,6.713847190704167e-08
1263.0,2.3956614691598183e-06,6.73608553354306e-08
1264.0,2.3948056215738626e-06,6.736937025212115e-08
1265.0,2.3965288754520302e-06,6.718824855718896e-08
1266.0,2.398296487638449e-06,6.716757648620458e-08
1267.0,2.3958192667959478e-06,6.731752346309304e-08
1268.0,2.390308713321913e-06,6.749037250295103e-08
1269.0,2.390756352564664e-06,6.785502992731961e-08
1270.0,2.3956902102122686e-06,6.81359856487461e-08
1271.0,2.3972458651592993e-06,6.844594763890926e-08
1272.0,2.393663667743464e-06,6.837020587414234e-08
1273.0,2.3867318285275992e-06,6.81064787773677e-08
1274.0,2.3795669398046073e-06,6.799808335996631e-08
1275.0,2.3744127364730032e-06,6.787524060997236e-08
1276.0,2.369718462456335e-06,6.772709039439818e-08
1277.0,2.3630723807640026e-06,6.752937064980407e-08
1278.0,2.350870230506771e-06,6.717416944649292e-08
1279.0,2.327988950061776e-06,6.653211209824453e-08
1280.0,2.283218002755678e-06,6.540732188877797e-08
1281.0,2.2172742763104878e-06,6.370092377529406e-08
1282.0,2.17214309091166e-06,6.265108579064803e-08
1283.0,2.1918782040788688e-06,6.338220342789101e-08
1284.0,2.2502460467202694e-06,6.524523509386456e-08
1285.0,2.296094804569461e-06,6.667904587139687e-08
1286.0,2.3173780004050108e-06,6.717386533170717e-08
1287.0,2.3232985551983186e-06,6.734519390221355e-08
1288.0,2.321490823896946e-06,6.72311583244136e-08
1289.0,2.3153186649768535e-06,6.71262582246652e-08
1290.0,2.3093877735098104e-06,6.716388271892071e-08
1291.0,2.3103457086935145e-06,6.744402089380777e-08
1292.0,2.3162861757931046e-06,6.771542213634716e-08
1293.0,2.3195194640141483e-06,6.786625526585221e-08
1294.0,2.320059258250471e-06,6.774600075361995e-08
1295.0,2.3194871859221093e-06,6.777147146063729e-08
1296.0,2.316929008632057e-06,6.774483818323543e-08
1297.0,2.3111032043636803e-06,6.760394830953583e-08
1298.0,2.306315907724386e-06,6.750105879266614e-08
1299.0,2.3057617376544185e-06,6.750770126062575e-08
1300.0,2.305493157666206e-06,6.755114009777902e-08
1301.0,2.3020968004723418e-06,6.749128166453027e-08
1302.0,2.2952922732044565e-06,6.730081896278011e-08
1303.0,2.2870655845526362e-06,6.70889899073016e-08
1304.0,2.2831965166992664e-06,6.701428014227124e-08
1305.0,2.2847034634532307e-06,6.706773661326506e-08
1306.0,2.2867837904775027e-06,6.717775846992475e-08
1307.0,2.2866629728676353e-06,6.720404275858782e-08
1308.0,2.2838994250884592e-06,6.712770710626429e-08
1309.0,2.277377765349381e-06,6.696933182496414e-08
1310.0,2.2673496970520074e-06,6.669185504732267e-08
1311.0,2.254785748868412e-06,6.63386414932382e-08
1312.0,2.2409315501417326e-06,6.596044853428044e-08
1313.0,2.232259022391413e-06,6.572112026511093e-08
1314.0,2.2293689955151164e-06,6.5666702064029e-08
1315.0,2.2253300374000957e-06,6.555669995563107e-08
1316.0,2.2248044034699286e-06,6.554524297061445e-08
1317.0,2.2286387010194596e-06,6.567029592249498e-08
1318.0,2.2318682034683776e-06,6.57788831382716e-08
1319.0,2.237814086690075e-06,6.59543628453087e-08
1320.0,2.2436304991091976e-06,6.613969449233382e-08
1321.0,2.2450136848859424e-06,6.61933414397519e-08
1322.0,2.2439920494254633e-06,6.616483619653317e-08
1323.0,2.242422735182701e-06,6.61383064339135e-08
1324.0,2.239581874020951e-06,6.606596637675128e-08
1325.0,2.2349301382322084e-06,6.592575676520753e-08
1326.0,2.2290388828265555e-06,6.57520128572899e-08
1327.0,2.2198393991469384e-06,6.548483767985887e-08
1328.0,2.2045825365739463e-06,6.502344760430322e-08
1329.0,2.190386145091588e-06,6.461246587746487e-08
1330.0,2.186841871317326e-06,6.449830679558795e-08
1331.0,2.1874283604461737e-06,6.453621153962689e-08
1332.0,2.185437515935698e-06,6.445478500610624e-08
1333.0,2.1882045658565028e-06,6.455984417384677e-08
1334.0,2.1959809563480405e-06,6.476694464011756e-08
1335.0,2.2002059790240823e-06,6.487103339163591e-08
1336.0,2.2003124557149728e-06,6.486422414227129e-08
1337.0,2.1989599367135723e-06,6.482058419019529e-08
1338.0,2.193132010056318e-06,6.463796740580435e-08
1339.0,2.1848746439381534e-06,6.43858067410074e-08
1340.0,2.1815985740203204e-06,6.426691959217417e-08
1341.0,2.1824562503257957e-06,6.428846368319817e-08
1342.0,2.1806795358276966e-06,6.42240785472648e-08
1343.0,2.176745237949601e-06,6.410313487425388e-08
1344.0,2.1753718014612065e-06,6.404026464025073e-08
1345.0,2.1765366520202977e-06,6.404377498648873e-08
1346.0,2.1769200447887873e-06,6.404018284126604e-08
1347.0,2.1749622880856066e-06,6.396185717651869e-08
1348.0,2.1696600218678427e-06,6.377582189121165e-08
1349.0,2.1595436910718682e-06,6.347081904585869e-08
1350.0,2.149167577298499e-06,6.314145878099322e-08
1351.0,2.147203490636387e-06,6.306570228069243e-08
1352.0,2.1526346753285082e-06,6.318861699222021e-08
1353.0,2.156224824823824e-06,6.325998929182451e-08
1354.0,2.154607717872891e-06,6.32013494564949e-08
1355.0,2.1484350081986504e-06,6.29811361539416e-08
1356.0,2.140019021502834e-06,6.272022308630631e-08
1357.0,2.1352215634902786e-06,6.253591782266156e-08
1358.0,2.136747250071819e-06,6.255225327733661e-08
1359.0,2.1387660550446204e-06,6.256392890802061e-08
1360.0,2.1371423731516224e-06,6.248256222838477e-08
1361.0,2.1328544808482882e-06,6.232490624649134e-08
1362.0,2.125924018765938e-06,6.20933533998674e-08
1363.0,2.1201402621867466e-06,6.190088157609843e-08
1364.0,2.1202741903784272e-06,6.186203000258209e-08
1365.0,2.1221366189002334e-06,6.187061008492837e-08
1366.0,2.119188228604216e-06,6.174286345335851e-08
1367.0,2.114511765511106e-06,6.15594360265405e-08
1368.0,2.111051979260764e-06,6.14225397415415e-08
1369.0,2.106436107226653e-06,6.125232603441786e-08
1370.0,2.0998608085153977e-06,6.101604481090592e-08
1371.0,2.0943286977843993e-06,6.079818514975562e-08
1372.0,2.0926997157546816e-06,6.070878509751672e-08
1373.0,2.0941500255472757e-06,6.072019517873207e-08
1374.0,2.094801672137968e-06,6.068023201896689e-08
1375.0,2.093448517674606e-06,6.059387002541157e-08
1376.0,2.091939637835041e-06,6.050017441922378e-08
1377.0,2.089221462611496e-06,6.03685809460157e-08
1378.0,2.0863444898684817e-06,6.023034204222713e-08
1379.0,2.084968025670628e-06,6.012369890707204e-08
1380.0,2.084739495253548e-06,6.00801725074622e-08
1381.0,2.0842424825747682e-06,6.00027231390912e-08
1382.0,2.082836629219444e-06,5.990514339997299e-08
1383.0,2.080512508469193e-06,5.977996408548193e-08
1384.0,2.0772705013450474e-06,5.961272554415505e-08
1385.0,2.0723896742109505e-06,5.94408074347883e-08
1386.0,2.0648495915081246e-06,5.915834227136996e-08
1387.0,2.0581427372096074e-06,5.890503382208418e-08
1388.0,2.0547315890287294e-06,5.875718059447581e-08
1389.0,2.052423905347478e-06,5.862118482773583e-08
1390.0,2.0506771222180245e-06,5.8507070064125494e-08
1391.0,2.051383050656353e-06,5.8473717415427776e-08
1392.0,2.0526945965757267e-06,5.8434420171894736e-08
1393.0,2.0512343127383217e-06,5.833053512298857e-08
1394.0,2.0473318829706503e-06,5.8142792097943836e-08
1395.0,2.0426602613703928e-06,5.7953965843422664e-08
1396.0,2.037766958310952e-06,5.773298270795676e-08
1397.0,2.033537586620639e-06,5.7545993193155334e-08
1398.0,2.030876079733122e-06,5.739937242368461e-08
1399.0,2.0272922431853033e-06,5.721723001975475e-08
1400.0,2.0213419212994837e-06,5.697051612988398e-08
1401.0,2.0169745104370673e-06,5.679136490064619e-08
1402.0,2.0165765359444053e-06,5.669779818368683e-08
1403.0,2.0175729827628506e-06,5.66634807074079e-08
1404.0,2.017255169767175e-06,5.6576592174603984e-08
1405.0,2.014764463468732e-06,5.643474755598088e-08
1406.0,2.0099789898239705e-06,5.618910746769576e-08
1407.0,2.0045224754533942e-06,5.597923225350775e-08
1408.0,2.0016340604610798e-06,5.582786788135696e-08
1409.0,2.001590902955789e-06,5.573784034559496e-08
1410.0,1.999948481665302e-06,5.561122180498528e-08
1411.0,1.993272100270454e-06,5.5336616197543506e-08
1412.0,1.985062852639947e-06,5.502539749340494e-08
1413.0,1.9825398280387993e-06,5.486748873439455e-08
1414.0,1.9873162078018395e-06,5.493639402498545e-08
1415.0,1.991870119302976e-06,5.496753410806369e-08
1416.0,1.9909337160944452e-06,5.4843626151466966e-08
1417.0,1.9870641007427837e-06,5.464797012287906e-08
1418.0,1.9846791607710935e-06,5.449035469460631e-08
1419.0,1.9832764475986307e-06,5.4383655950670034e-08
1420.0,1.979174694873953e-06,5.4166560514762353e-08
1421.0,1.9701662827485765e-06,5.383675963394098e-08
1422.0,1.9590462206687954e-06,5.344301089749759e-08
1423.0,1.9515450120535207e-06,5.3140932131878554e-08
1424.0,1.950552991330847e-06,5.302152537312033e-08
1425.0,1.9531165225634467e-06,5.299128664586547e-08
1426.0,1.9561572786277148e-06,5.2984216650674685e-08
1427.0,1.954732046252325e-06,5.2849151603549155e-08
1428.0,1.9448408076196956e-06,5.2474009555106354e-08
1429.0,1.9333810236783263e-06,5.2073707558616134e-08
1430.0,1.9322020254018654e-06,5.1950699887466806e-08
1431.0,1.93931900934541e-06,5.204452463145404e-08
1432.0,1.9448703449968356e-06,5.208568902690793e-08
1433.0,1.9454153701462285e-06,5.200879521746018e-08
1434.0,1.9437302704157153e-06,5.184916971520668e-08
1435.0,1.9411048672310976e-06,5.167592150162792e-08
1436.0,1.9381020703663958e-06,5.149369100030776e-08
1437.0,1.9362811973236444e-06,5.135081280994317e-08
1438.0,1.9311817775945774e-06,5.11046504844313e-08
1439.0,1.913995838525996e-06,5.053946475848455e-08
1440.0,1.891571583646605e-06,4.98471751048223e-08
1441.0,1.88368582916979e-06,4.952462495114392e-08
1442.0,1.8894828508599825e-06,4.9579599967681256e-08
1443.0,1.8931571105657176e-06,4.955557046455258e-08
1444.0,1.893654652185656e-06,4.948251564406158e-08
1445.0,1.8975454270491571e-06,4.9470840378294935e-08
1446.0,1.9031673572421836e-06,4.9497159817303643e-08
1447.0,1.9053715752811808e-06,4.945027489254973e-08
1448.0,1.9041349822305424e-06,4.930624344054979e-08
1449.0,1.9007513513539224e-06,4.910142283089387e-08
1450.0,1.8937599912038114e-06,4.881429151485984e-08
1451.0,1.8845186450582548e-06,4.8468314753879005e-08
1452.0,1.8793557789378792e-06,4.822645995536419e-08
1453.0,1.8773839088664064e-06,4.803503430400001e-08
1454.0,1.8687568158903123e-06,4.770603569470407e-08
1455.0,1.8581871663254964e-06,4.732480799382334e-08
1456.0,1.8577289565754194e-06,4.71958388932858e-08
1457.0,1.8676330749236249e-06,4.732673293253515e-08
1458.0,1.8777001883564934e-06,4.7455496183025195e-08
1459.0,1.8809599079037427e-06,4.7427344928470045e-08
1460.0,1.8792150039120625e-06,4.725961951318162e-08
1461.0,1.876828742303938e-06,4.709545397582793e-08
1462.0,1.8744405748340454e-06,4.6902694922201194e-08
1463.0,1.871708986027825e-06,4.671464374971951e-08
1464.0,1.8657886043726305e-06,4.645293749375658e-08
1465.0,1.858254746206092e-06,4.613063984942992e-08
1466.0,1.857041022819778e-06,4.597204341209452e-08
1467.0,1.8621730840230858e-06,4.5964587835231296e-08
1468.0,1.8645877661836276e-06,4.589211619831919e-08
1469.0,1.8617949258325525e-06,4.571198170504777e-08
1470.0,1.8565776065917188e-06,4.545439075972298e-08
1471.0,1.8521001852231711e-06,4.52154353186431e-08
1472.0,1.8505707585744577e-06,4.505870849527393e-08
1473.0,1.8490502816867247e-06,4.4894015135737585e-08
1474.0,1.844555907648882e-06,4.4658623405577836e-08
1475.0,1.8397320235367567e-06,4.440884180423151e-08
1476.0,1.837125961861895e-06,4.4200123208216185e-08
1477.0,1.8336049235782923e-06,4.399196824525018e-08
1478.0,1.8298490988193992e-06,4.3763021259391826e-08
1479.0,1.8315181813005402e-06,4.367554175877463e-08
1480.0,1.8353144655905627e-06,4.3639160549940875e-08
1481.0,1.833175081288568e-06,4.345259610947662e-08
1482.0,1.8245665487958326e-06,4.310820442129879e-08
1483.0,1.8162268291428056e-06,4.277725994841128e-08
1484.0,1.8133332561458345e-06,4.25811833262219e-08
1485.0,1.8098805702240771e-06,4.235743637385165e-08
1486.0,1.7895846405364185e-06,4.1745028708753505e-08
1487.0,1.7472307948342763e-06,4.064104797058302e-08
1488.0,1.7162853946432185e-06,3.978793239685592e-08
1489.0,1.7329599141492536e-06,4.0043392480519775e-08
1490.0,1.7735591278092258e-06,4.0843553176468586e-08
1491.0,1.8003220478741865e-06,4.132088915101852e-08
1492.0,1.8102986077641713e-06,4.1406884886085975e-08
1493.0,1.8098972627725523e-06,4.124163610866687e-08
1494.0,1.8021682690016414e-06,4.0940530953426875e-08
1495.0,1.7928653112635874e-06,4.059512347168142e-08
1496.0,1.7881122701436e-06,4.0347918068819116e-08
1497.0,1.7894574433097996e-06,4.0234963731214725e-08
1498.0,1.7918467810085147e-06,4.015549413143094e-08
1499.0,1.7920377629315123e-06,3.9994946441694626e-08
1500.0,1.7861541506828884e-06,3.9729898559548635e-08
1501.0,1.7606067257251757e-06,3.9018152062415616e-08
1502.0,1.7093129173920228e-06,3.774181060205863e-08
1503.0,1.657260863704487e-06,3.646910837171922e-08
1504.0,1.6342839655616245e-06,3.581677587858671e-08
1505.0,1.6524515885737852e-06,3.607626977052161e-08
1506.0,1.7033911832766782e-06,3.7051366396520246e-08
1507.0,1.7511850321654452e-06,3.795026561265686e-08
1508.0,1.7699649000021391e-06,3.820625278967584e-08
1509.0,1.7688418009939484e-06,3.803698078615665e-08
1510.0,1.7654440321241182e-06,3.781192938278351e-08
1511.0,1.765989682573903e-06,3.7681497111798345e-08
1512.0,1.765115316817535e-06,3.7517835083168824e-08
1513.0,1.7612918798227528e-06,3.729413830565328e-08
1514.0,1.7575834260074693e-06,3.706536107214908e-08
1515.0,1.7539491184903664e-06,3.683713923115567e-08
1516.0,1.7491455150808668e-06,3.659852741486482e-08
1517.0,1.746698520486898e-06,3.6381745084198744e-08
1518.0,1.748702881500629e-06,3.626516744089548e-08
1519.0,1.7494374964626435e-06,3.614918847519117e-08
1520.0,1.742318986631659e-06,3.583177294513066e-08
1521.0,1.7294263599406383e-06,3.542699997048751e-08
1522.0,1.7210407102523912e-06,3.511505741071155e-08
1523.0,1.7217017700935351e-06,3.497281093214716e-08
1524.0,1.7257121574057097e-06,3.489484549556723e-08
1525.0,1.7294913466059825e-06,3.4816992477464264e-08
1526.0,1.734041729435655e-06,3.4764066876303316e-08
1527.0,1.7362610928957885e-06,3.465155207064035e-08
1528.0,1.7293124753320724e-06,3.4360180223135056e-08
1529.0,1.712995846960349e-06,3.389297912941985e-08
1530.0,1.7040112963761102e-06,3.3554210834162776e-08
1531.0,1.7122028741289622e-06,3.3576966132073856e-08
1532.0,1.7217715333667457e-06,3.3606253053615407e-08
1533.0,1.7196953841889595e-06,3.341955155585428e-08
1534.0,1.7132290912681655e-06,3.313707124435556e-08
1535.0,1.7123536737964863e-06,3.297137026302505e-08
1536.0,1.7148498799087387e-06,3.285939033678475e-08
1537.0,1.7117342411911506e-06,3.26520497344622e-08
1538.0,1.7018583873231245e-06,3.230689311681684e-08
1539.0,1.691419325747699e-06,3.194953295197038e-08
1540.0,1.687865105158321e-06,3.172730161942155e-08
1541.0,1.6932965525012183e-06,3.1681358019192753e-08
1542.0,1.7006196456430747e-06,3.1630727946163486e-08
1543.0,1.7047403160559079e-06,3.1507476487229007e-08
1544.0,1.7061628059810337e-06,3.121247811968768e-08
1545.0,1.7038058013738887e-06,3.104273402160833e-08
1546.0,1.6975598257793272e-06,3.0878022708346576e-08
1547.0,1.6900870870781917e-06,3.06770799343927e-08
1548.0,1.6835729398575316e-06,3.059455152880297e-08
1549.0,1.6780537499110876e-06,3.035414941256746e-08
1550.0,1.6731793705982385e-06,3.0039124670797375e-08
1551.0,1.6713793536753414e-06,2.9881654114021896e-08
1552.0,1.6702986425758914e-06,2.973568700708844e-08
1553.0,1.6637755611440147e-06,2.952613218922016e-08
1554.0,1.6538385145147583e-06,2.9235318148070093e-08
1555.0,1.646281503237691e-06,2.895145952439286e-08
1556.0,1.6450981816388168e-06,2.8765909716374517e-08
1557.0,1.650848613595466e-06,2.8749403475649427e-08
1558.0,1.6531091804759465e-06,2.8690070598356865e-08
1559.0,1.6452361863148552e-06,2.8440672827366144e-08
1560.0,1.6361080542372904e-06,2.8164369037283034e-08
1561.0,1.6316795664185585e-06,2.792723413504196e-08
1562.0,1.6280545440889783e-06,2.770900167485843e-08
1563.0,1.626343954697691e-06,2.7517681308241466e-08
1564.0,1.6297074689315827e-06,2.7546147546564018e-08
1565.0,1.6328302136164715e-06,2.744900837603533e-08
1566.0,1.6295427365413936e-06,2.7152264018979304e-08
1567.0,1.6201573727052914e-06,2.6788367901575052e-08
1568.0,1.6079804675256334e-06,2.633282319709611e-08
1569.0,1.6014957736500087e-06,2.6044286576556878e-08
1570.0,1.6102856556350075e-06,2.6190461237410927e-08
1571.0,1.6251607319637366e-06,2.630113119211862e-08
1572.0,1.626456231321329e-06,2.61458713857154e-08
1573.0,1.6073397429427797e-06,2.573541518799807e-08
1574.0,1.5743444775172275e-06,2.5078916759747938e-08
1575.0,1.5417915402788833e-06,2.4512934581390367e-08
1576.0,1.5205911592853424e-06,2.4181532847944885e-08
1577.0,1.5186259686312394e-06,2.4090632432222535e-08
1578.0,1.5445096647049424e-06,2.4286768599951706e-08
1579.0,1.5785620665622726e-06,2.4646703100109722e-08
1580.0,1.5929383474779177e-06,2.4576897165860174e-08
1581.0,1.5854619914862433e-06,2.4244751149359265e-08
1582.0,1.5680311916452132e-06,2.388465836229288e-08
1583.0,1.5573863716679282e-06,2.3561606329977047e-08
1584.0,1.5631394538345847e-06,2.3412179994239504e-08
1585.0,1.575944264673387e-06,2.3390081328333044e-08
1586.0,1.5773309175824196e-06,2.3180694493998627e-08
1587.0,1.5570139051810571e-06,2.277531938421519e-08
1588.0,1.5164083983597291e-06,2.212600507387164e-08
1589.0,1.476586482056386e-06,2.1507119793451033e-08
1590.0,1.472090448726595e-06,2.136446020614094e-08
1591.0,1.503189657317551e-06,2.173581072722781e-08
1592.0,1.5399747872593426e-06,2.2124117029965145e-08
1593.0,1.5629370728536586e-06,2.2226637261905024e-08
1594.0,1.5666416696900655e-06,2.2188514527693028e-08
1595.0,1.5512643827073223e-06,2.187506622238484e-08
1596.0,1.5295011828333053e-06,2.1381733412466264e-08
1597.0,1.524525643297091e-06,2.1274163008418662e-08
1598.0,1.540139896157071e-06,2.1262932433938196e-08
1599.0,1.5553914122940724e-06,2.1270365930978626e-08
1600.0,1.554004074785726e-06,2.119805692430004e-08
1601.0,1.5440259259206976e-06,2.098700447101052e-08
1602.0,1.543070488812684e-06,2.0922797399329222e-08
1603.0,1.548157814021043e-06,2.1080583321394805e-08
1604.0,1.5476726262915464e-06,2.096998239394261e-08
1605.0,1.54539355052344e-06,2.0639993261869307e-08
1606.0,1.5443301260493297e-06,2.0526126114448248e-08
1607.0,1.5410001592983235e-06,2.0372488523705763e-08
1608.0,1.5340292024288906e-06,2.0195201154485794e-08
1609.0,1.5220035174792097e-06,2.0187070093549306e-08
1610.0,1.5110226448474662e-06,1.9934535372230488e-08
1611.0,1.5107387407613519e-06,1.9742158847530056e-08
1612.0,1.5167839606377011e-06,1.967577134531797e-08
1613.0,1.5224242301322918e-06,1.9520075178504467e-08
1614.0,1.526746985743704e-06,1.945453039896174e-08
1615.0,1.5227233674979552e-06,1.9372904673944848e-08
1616.0,1.509697148175854e-06,1.9135710471111272e-08
1617.0,1.500117843004352e-06,1.8980511560436652e-08
1618.0,1.4982422226073336e-06,1.887470045146292e-08
1619.0,1.4966195971673445e-06,1.8707153900841677e-08
1620.0,1.4911441279834884e-06,1.859196813608321e-08
1621.0,1.4884400109250276e-06,1.8569209142692695e-08
1622.0,1.4937289162729094e-06,1.8621995467438346e-08
1623.0,1.5008673572472607e-06,1.8726108877990668e-08
1624.0,1.5047296125146875e-06,1.8714988857960214e-08
1625.0,1.5109437735733942e-06,1.8754290174887495e-08
1626.0,1.5205296074195213e-06,1.8798633055621048e-08
1627.0,1.525460279525175e-06,1.8809037241068537e-08
1628.0,1.5229122690177072e-06,1.876258469875599e-08
1629.0,1.5169441413353492e-06,1.8678850110807156e-08
1630.0,1.5096180051124715e-06,1.8512558643389127e-08
1631.0,1.4978109055443382e-06,1.8216009313468972e-08
1632.0,1.4859632013272172e-06,1.8028311468314284e-08
1633.0,1.4843886764769904e-06,1.7950973668516874e-08
1634.0,1.4893964791690302e-06,1.8087119661899186e-08
1635.0,1.4872311237245952e-06,1.822632029913703e-08
1636.0,1.4724606969779891e-06,1.8075924792948108e-08
1637.0,1.449802565039057e-06,1.7754050138258188e-08
1638.0,1.4281974111233868e-06,1.743426216396498e-08
1639.0,1.4156639422521828e-06,1.7068850245774475e-08
1640.0,1.4133261165326664e-06,1.6969199415400914e-08
1641.0,1.4184238025403496e-06,1.708562726021296e-08
1642.0,1.4280118249856933e-06,1.7164499974343155e-08
1643.0,1.4345437781730081e-06,1.7266790500732508e-08
1644.0,1.4349132077761775e-06,1.731534475372179e-08
1645.0,1.4367085105754283e-06,1.7225704786018103e-08
1646.0,1.442267958269652e-06,1.7285781241357042e-08
1647.0,1.4425883437622836e-06,1.7330100573948925e-08
1648.0,1.4368400311313583e-06,1.7230385602884968e-08
1649.0,1.43410411982574e-06,1.708890537211731e-08
1650.0,1.4370749305555048e-06,1.7231324821762902e-08
1651.0,1.4355088922854543e-06,1.7335487722526094e-08
1652.0,1.425477224394052e-06,1.7303186719707506e-08
1653.0,1.4168578188901063e-06,1.7328436255167886e-08
1654.0,1.415770242512341e-06,1.7330338878243936e-08
1655.0,1.4180097532974203e-06,1.7227960819807982e-08
1656.0,1.4221273998310423e-06,1.7240775312600642e-08
1657.0,1.4290491580535624e-06,1.734716146286371e-08
1658.0,1.4353619439973861e-06,1.7326322740340283e-08
1659.0,1.4371251529643895e-06,1.7164049335872803e-08
1660.0,1.4353849321921215e-06,1.7086021454159328e-08
1661.0,1.4319736368679319e-06,1.699950918760116e-08
1662.0,1.4278305705010622e-06,1.6949298385785173e-08
1663.0,1.4234315896654938e-06,1.705060328884719e-08
1664.0,1.416568044349706e-06,1.705446555253383e-08
1665.0,1.4062899683147445e-06,1.6889490563649506e-08
1666.0,1.3966940933840409e-06,1.6811514127323398e-08
1667.0,1.3906798472544431e-06,1.6739680279458186e-08
1668.0,1.3878962781340016e-06,1.671068903851368e-08
1669.0,1.3908870556884125e-06,1.6676799747703127e-08
1670.0,1.3961736170687854e-06,1.675653724186661e-08
1671.0,1.3922149366588379e-06,1.6782808110734702e-08
1672.0,1.3806418605417682e-06,1.6646788424651324e-08
1673.0,1.3743155331031674e-06,1.6598590274949287e-08
1674.0,1.3705134883575013e-06,1.6606330495702222e-08
1675.0,1.3590301138009534e-06,1.6443882186026422e-08
1676.0,1.3501832624905226e-06,1.632254929566777e-08
1677.0,1.3533282723991927e-06,1.647468082224649e-08
1678.0,1.3575922621344057e-06,1.6464612586240163e-08
1679.0,1.3520145988749414e-06,1.6218808960876216e-08
1680.0,1.3394262143458398e-06,1.598852111016021e-08
1681.0,1.3285555851923303e-06,1.574554963498912e-08
1682.0,1.3246519377121165e-06,1.5697140926120738e-08
1683.0,1.3294807163354666e-06,1.57929122586748e-08
1684.0,1.3398769846605502e-06,1.6004045406603304e-08
1685.0,1.347751692292589e-06,1.631544801316929e-08
1686.0,1.3494203017561391e-06,1.634005647004014e-08
1687.0,1.3469812386609446e-06,1.6212163579008213e-08
1688.0,1.34257888806338e-06,1.6163619228283568e-08
1689.0,1.3378185823591509e-06,1.6037011244791705e-08
1690.0,1.3395889523507485e-06,1.609286900380736e-08
1691.0,1.3469019693595272e-06,1.622075552605382e-08
1692.0,1.3504055834873544e-06,1.631093471300235e-08
1693.0,1.3481156862872492e-06,1.62873955478044e-08
1694.0,1.345284939324798e-06,1.629174929267116e-08
1695.0,1.341998037655783e-06,1.6489953854612108e-08
1696.0,1.3371061115972517e-06,1.6473616264964842e-08
1697.0,1.3337663806765634e-06,1.638808080493301e-08
1698.0,1.3335610202198255e-06,1.635649620074324e-08
1699.0,1.330473152754294e-06,1.6206601476993107e-08
1700.0,1.3219980139922943e-06,1.6095764140082605e-08
1701.0,1.3164953351530679e-06,1.603152801721198e-08
1702.0,1.3195380733564977e-06,1.6076905554289935e-08
1703.0,1.3246322518217827e-06,1.612697737501577e-08
1704.0,1.3251780700243906e-06,1.6135226570461302e-08
1705.0,1.3221334123259155e-06,1.6104496488567266e-08
1706.0,1.317760476331834e-06,1.605267136875787e-08
1707.0,1.313882951957057e-06,1.5994074081461337e-08
1708.0,1.3112863022631383e-06,1.5970253764967017e-08
1709.0,1.3039721233913476e-06,1.5882576965388975e-08
1710.0,1.2849785809264855e-06,1.564957572069595e-08
1711.0,1.2658241726496277e-06,1.542278263007293e-08
1712.0,1.2683208070677368e-06,1.5455036621071457e-08
1713.0,1.2865096046216925e-06,1.56807045735885e-08
1714.0,1.298479279196073e-06,1.582470905438903e-08
1715.0,1.2995333990504158e-06,1.5847849670501585e-08
1716.0,1.2958895057992896e-06,1.579410248840011e-08
1717.0,1.293305710291661e-06,1.576706108978335e-08
1718.0,1.2929345668469332e-06,1.5756482348251714e-08
1719.0,1.290359428742207e-06,1.5740094331245354e-08
1720.0,1.283218523286448e-06,1.5654796881275397e-08
1721.0,1.2738388437113831e-06,1.5547580525688982e-08
1722.0,1.2648461735773373e-06,1.5434131070542872e-08
1723.0,1.2581207260510645e-06,1.535892627786333e-08
1724.0,1.258230888682217e-06,1.535309871852853e-08
1725.0,1.2625306889290646e-06,1.5412387618279584e-08
1726.0,1.2624581872087452e-06,1.541888209699793e-08
1727.0,1.2555129276834576e-06,1.5341096088765846e-08
1728.0,1.2466180645957057e-06,1.523160233012487e-08
1729.0,1.2402380928489546e-06,1.5163094009348694e-08
1730.0,1.2338431261849883e-06,1.5087172882219156e-08
1731.0,1.2223411450373143e-06,1.4946171826457675e-08
1732.0,1.2035165543954785e-06,1.473121173531832e-08
1733.0,1.1838202104866076e-06,1.4486174485868765e-08
1734.0,1.174186363704624e-06,1.4376369257426719e-08
1735.0,1.1722807093917555e-06,1.4354435767703642e-08
1736.0,1.1707624343607676e-06,1.4339449921400815e-08
1737.0,1.1727643404146263e-06,1.436876695480218e-08
1738.0,1.1811405776903557e-06,1.4479185154483167e-08
1739.0,1.1888460009503739e-06,1.458618746613689e-08
1740.0,1.1900839558211804e-06,1.460161299896483e-08
1741.0,1.1900568179131837e-06,1.4609236565374441e-08
1742.0,1.195833089959162e-06,1.4684443777100393e-08
1743.0,1.2034692782428924e-06,1.4772612143820017e-08
1744.0,1.2051458330742791e-06,1.480369360514167e-08
1745.0,1.2000368136012557e-06,1.4745943709174843e-08
1746.0,1.1932624809072323e-06,1.467221698810113e-08
1747.0,1.1908821217088134e-06,1.464583589242327e-08
1748.0,1.1948057309382936e-06,1.470452589782171e-08
1749.0,1.2007674549792964e-06,1.4785151224597691e-08
1750.0,1.2018385035456172e-06,1.4798063821697604e-08
1751.0,1.197568175353141e-06,1.475741155404966e-08
1752.0,1.1931121941303557e-06,1.471324972569432e-08
1753.0,1.1909235727429217e-06,1.4687210320538726e-08
1754.0,1.189642844572534e-06,1.4686382105755965e-08
1755.0,1.1887922969653808e-06,1.4675715312247182e-08
1756.0,1.1897276881394361e-06,1.4694651397459995e-08
1757.0,1.1905646972310835e-06,1.4715929008182866e-08
1758.0,1.1887189148586182e-06,1.469833387209619e-08
1759.0,1.1854282035673785e-06,1.4669816993487658e-08
1760.0,1.1792719954521615e-06,1.4595560432891281e-08
1761.0,1.1681477550933598e-06,1.4470572661657115e-08
1762.0,1.1591782647068795e-06,1.4359555744678546e-08
1763.0,1.1593551324178002e-06,1.4366984522492156e-08
1764.0,1.1658046568866017e-06,1.4456497823928727e-08
1765.0,1.1734001723435405e-06,1.4566554552206877e-08
1766.0,1.1778852581814595e-06,1.462161748784169e-08
1767.0,1.1767798665840569e-06,1.4620321152763354e-08
1768.0,1.171668207973612e-06,1.4559368363062288e-08
1769.0,1.1656966014753144e-06,1.4496199503627927e-08
1770.0,1.1595513836943085e-06,1.4436442367503753e-08
1771.0,1.1526173355003585e-06,1.435195989506724e-08
1772.0,1.146131797150657e-06,1.427224726396487e-08
1773.0,1.1433370313654336e-06,1.425056454788672e-08
1774.0,1.1439797330555794e-06,1.4261207498779944e-08
1775.0,1.1440456065676267e-06,1.4275616744939017e-08
1776.0,1.140625019504071e-06,1.4239731458191555e-08
1777.0,1.1363175957406814e-06,1.4203210872222743e-08
1778.0,1.1365774142848577e-06,1.4214106473074796e-08
1779.0,1.1398199093009307e-06,1.4257102043662339e-08
1780.0,1.140130369067657e-06,1.4272045334641965e-08
1781.0,1.1354393635698574e-06,1.4222438240391452e-08
1782.0,1.1269155972247783e-06,1.412857928717465e-08
1783.0,1.1186233586908149e-06,1.4033259883570829e-08
1784.0,1.1154365288454868e-06,1.3999699889474709e-08
1785.0,1.119290048050442e-06,1.405190778213558e-08
1786.0,1.1262733333813726e-06,1.4152555888610944e-08
1787.0,1.1300595162464568e-06,1.4215360907197048e-08
1788.0,1.1287285909017193e-06,1.4209178657909625e-08
1789.0,1.125220228669015e-06,1.4167777270182614e-08
1790.0,1.1223174414330993e-06,1.4140052672903103e-08
1791.0,1.1192620456202467e-06,1.4112676969760656e-08
1792.0,1.1124592469551765e-06,1.4031721068345699e-08
1793.0,1.1021441271628896e-06,1.3913333382932776e-08
1794.0,1.094801757985732e-06,1.3829924727145443e-08
1795.0,1.0949433933449735e-06,1.383699686950046e-08
1796.0,1.0976793843013223e-06,1.3887573409258894e-08
1797.0,1.0968267030829108e-06,1.3886396381533562e-08
1798.0,1.0918059850297305e-06,1.382339753046742e-08
1799.0,1.0869351389425597e-06,1.3778614586772873e-08
1800.0,1.0845449032372127e-06,1.3759321450949853e-08
1801.0,1.0817931990974138e-06,1.3731917100908665e-08
1802.0,1.0777884754061084e-06,1.3689898141662493e-08
1803.0,1.0755299324190927e-06,1.3674123988617342e-08
1804.0,1.0747752886506488e-06,1.3665165093716458e-08
1805.0,1.072626897521241e-06,1.3659306545831932e-08
1806.0,1.0699814899090408e-06,1.3626736708979091e-08
1807.0,1.0697196000763747e-06,1.364037102840739e-08
1808.0,1.0688967741977119e-06,1.3641209087646549e-08
1809.0,1.0640466276123726e-06,1.3576410773952017e-08
1810.0,1.0577362610232913e-06,1.3516801227240622e-08
1811.0,1.0535571617222606e-06,1.346907881127028e-08
1812.0,1.0503922656613275e-06,1.3437705165500909e-08
1813.0,1.0460154200784768e-06,1.3397153089530886e-08
1814.0,1.0391004698366325e-06,1.3317201928332613e-08
1815.0,1.0296221313017688e-06,1.3206444454153707e-08
1816.0,1.0187195394963513e-06,1.307121951457358e-08
1817.0,1.0080553577733035e-06,1.294508828568906e-08
1818.0,1.0028422181578152e-06,1.2890952168242401e-08
1819.0,1.00736098683243e-06,1.2959827028877389e-08
1820.0,1.0183669014848315e-06,1.3106653131539445e-08
1821.0,1.0277311027694738e-06,1.3231065640074145e-08
1822.0,1.0305922329225442e-06,1.3283547474650759e-08
1823.0,1.0321145307119158e-06,1.3313137504632035e-08
1824.0,1.0380750534493075e-06,1.3397749593054553e-08
1825.0,1.0449501413315296e-06,1.3498195779264214e-08
1826.0,1.0468330371737455e-06,1.3538644394693915e-08
1827.0,1.0430174299997708e-06,1.3499109213500311e-08
1828.0,1.0366588241961458e-06,1.3420428466950481e-08
1829.0,1.033855236837822e-06,1.3396789448443065e-08
1830.0,1.0359956555289877e-06,1.3438151336531015e-08
1831.0,1.037332343346419e-06,1.345944147964952e-08
1832.0,1.0350289909132677e-06,1.3446282482332025e-08
1833.0,1.0341216557521914e-06,1.3437211278086137e-08
1834.0,1.0359322792482546e-06,1.3477162586434476e-08
1835.0,1.0339242742584816e-06,1.3458366266930312e-08
1836.0,1.0228106309257653e-06,1.332396890123578e-08
1837.0,1.0073688624394534e-06,1.3133825724027856e-08
1838.0,1.000124648482199e-06,1.3053858688876977e-08
1839.0,1.0023200379492e-06,1.308129784037685e-08
1840.0,1.0028525907277e-06,1.3103149801595631e-08
1841.0,9.978692491747274e-07,1.3053118112270319e-08
1842.0,9.92342342980515e-07,1.2992431716600731e-08
1843.0,9.91762052478255e-07,1.2994229513689627e-08
1844.0,9.943620140523564e-07,1.3036480559602685e-08
1845.0,9.918656857963566e-07,1.3018301937372721e-08
1846.0,9.82026897904876e-07,1.289483102754878e-08
1847.0,9.743981518081938e-07,1.2809327197250747e-08
1848.0,9.78463408132047e-07,1.2867502806436865e-08
1849.0,9.877575387684607e-07,1.2999641049711557e-08
1850.0,9.934217324144322e-07,1.3082845854571945e-08
1851.0,9.980175407071771e-07,1.3155163377963128e-08
1852.0,1.0022550335960397e-06,1.3225752825431858e-08
1853.0,1.00285121138109e-06,1.324434719968788e-08
1854.0,9.993052293658718e-07,1.3204939357273625e-08
1855.0,9.939502841987836e-07,1.314563442575835e-08
1856.0,9.910089296339472e-07,1.3114914094326384e-08
1857.0,9.902764798853855e-07,1.3114809700856257e-08
1858.0,9.879100187518057e-07,1.3095408559297316e-08
1859.0,9.856527077782558e-07,1.3074859328893365e-08
1860.0,9.862152618921001e-07,1.3098839809404973e-08
1861.0,9.878646888540294e-07,1.3126709008897051e-08
1862.0,9.886473840266463e-07,1.31466587560809e-08
1863.0,9.88019072477175e-07,1.314689661077923e-08
1864.0,9.851048130526146e-07,1.3122472178671561e-08
1865.0,9.805624934757022e-07,1.3065141445519867e-08
1866.0,9.77307843812946e-07,1.3036052808839668e-08
1867.0,9.773771863491444e-07,1.3049959207671594e-08
1868.0,9.77470940509443e-07,1.3061748619832056e-08
1869.0,9.742499315977538e-07,1.3030944527652371e-08
1870.0,9.679553296178048e-07,1.2954880048461088e-08
1871.0,9.577762819428004e-07,1.2822100201116998e-08
1872.0,9.411419536652097e-07,1.261565772526657e-08
1873.0,9.166076097472762e-07,1.2297935970440247e-08
1874.0,8.81331167528385e-07,1.1834467520134905e-08
1875.0,8.451734905592061e-07,1.1357506092938714e-08
1876.0,8.387892818467271e-07,1.1278900568479783e-08
1877.0,8.684152183877717e-07,1.1683381585051988e-08
1878.0,9.043881929254455e-07,1.2179001886458205e-08
1879.0,9.288514078434898e-07,1.2521532168104239e-08
1880.0,9.426172208246587e-07,1.2714244833866471e-08
1881.0,9.478642557587305e-07,1.2790011040504936e-08
1882.0,9.473435798028179e-07,1.280308342990728e-08
1883.0,9.450229590872075e-07,1.2777562174923005e-08
1884.0,9.414915038660851e-07,1.2735237255649883e-08
1885.0,9.36343630291561e-07,1.2681218669593952e-08
1886.0,9.339156353522624e-07,1.2662720453082791e-08
1887.0,9.35190578888143e-07,1.2686794053387183e-08
1888.0,9.354926662509397e-07,1.269805238036848e-08
1889.0,9.336711114015047e-07,1.268367093601499e-08
1890.0,9.313033942192983e-07,1.2662864189020189e-08
1891.0,9.279408327121762e-07,1.2628684403315858e-08
1892.0,9.239552538388823e-07,1.2580781206738268e-08
1893.0,9.218432581595642e-07,1.2567154268076043e-08
1894.0,9.200336201515204e-07,1.2549869407589344e-08
1895.0,9.161993365928996e-07,1.251076553368356e-08
1896.0,9.141070872547538e-07,1.2486929863860072e-08
1897.0,9.181877569167839e-07,1.2549859842516698e-08
1898.0,9.230003864140296e-07,1.2627424394995125e-08
1899.0,9.240106009635525e-07,1.2656085411161343e-08
1900.0,9.23614812048051e-07,1.2659215231188703e-08
1901.0,9.235582494333136e-07,1.2663087221928888e-08
1902.0,9.216153008061316e-07,1.2647689468957626e-08
1903.0,9.179933970652409e-07,1.2608737370995224e-08
1904.0,9.16178929671245e-07,1.2593516174776247e-08
1905.0,9.172523472802952e-07,1.2620478720582277e-08
1906.0,9.179044536621093e-07,1.2642767995251725e-08
1907.0,9.165692556147311e-07,1.2627292555604227e-08
1908.0,9.148170448348448e-07,1.2620624702170855e-08
1909.0,9.133188165652063e-07,1.2606833509120679e-08
1910.0,9.103767028656712e-07,1.2574230414377534e-08
1911.0,9.060116738984443e-07,1.251694377420403e-08
1912.0,9.040917756777361e-07,1.2507526732417787e-08
1913.0,9.058350597864633e-07,1.2540505096814364e-08
1914.0,9.076749105186814e-07,1.2573437768877748e-08
1915.0,9.06832508561471e-07,1.2570377846669695e-08
1916.0,9.042611030310919e-07,1.2546832051778409e-08
1917.0,9.011357041625286e-07,1.2511089932729988e-08
1918.0,8.958182783532713e-07,1.2451924448929118e-08
1919.0,8.871778363506716e-07,1.233696362567731e-08
1920.0,8.809218764057537e-07,1.2256219056453723e-08
1921.0,8.826694253710795e-07,1.2294854331973679e-08
1922.0,8.878969085818128e-07,1.2380012661511704e-08
1923.0,8.913015155072617e-07,1.2431203100280336e-08
1924.0,8.923263479578139e-07,1.2458401647911731e-08
1925.0,8.909487725320599e-07,1.2450136416373552e-08
1926.0,8.872880894873137e-07,1.2409321552521201e-08
1927.0,8.834041349329828e-07,1.2364557477383543e-08
1928.0,8.797214237481573e-07,1.2319358948154504e-08
1929.0,8.760949776589874e-07,1.2279750050943517e-08
1930.0,8.719685308259328e-07,1.223006615685508e-08
1931.0,8.6788929522287e-07,1.2179120329425107e-08
1932.0,8.676118750277311e-07,1.2191621823613078e-08
1933.0,8.702763093530534e-07,1.223540203530376e-08
1934.0,8.70926951975358e-07,1.22531148511432e-08
1935.0,8.6996460582214e-07,1.2246737785816987e-08
1936.0,8.686009457375326e-07,1.223857652101168e-08
1937.0,8.647342924507585e-07,1.2192197141112007e-08
1938.0,8.570997596096427e-07,1.2095969629497059e-08
1939.0,8.489018336390806e-07,1.1991301925896644e-08
1940.0,8.441740647895973e-07,1.1929465924147933e-08
1941.0,8.398880845906185e-07,1.1879003260533009e-08
1942.0,8.288051263088902e-07,1.1731982944734334e-08
1943.0,8.089324148498529e-07,1.1457606218281588e-08
1944.0,7.87748277693224e-07,1.1165277840600797e-08
1945.0,7.774613865819175e-07,1.1027769666965487e-08
1946.0,7.850525918756632e-07,1.114387183356707e-08
1947.0,8.033598514803522e-07,1.1414815013049094e-08
1948.0,8.168104688921967e-07,1.161422625202889e-08
1949.0,8.185952210103781e-07,1.1647426850717673e-08
1950.0,8.136816018811785e-07,1.1588569992743605e-08
1951.0,8.127357150673351e-07,1.1576335648543225e-08
1952.0,8.220192210629653e-07,1.1727525390017057e-08
1953.0,8.340896614590177e-07,1.1903126202528684e-08
1954.0,8.403168777334845e-07,1.2001818726374474e-08
1955.0,8.421157883665754e-07,1.2032274993610885e-08
1956.0,8.422422274151039e-07,1.2047557386004423e-08
1957.0,8.409132569934076e-07,1.203247213065099e-08
1958.0,8.386210096796319e-07,1.2012377023080258e-08
1959.0,8.362176095965746e-07,1.198680451088594e-08
1960.0,8.341386062007147e-07,1.1966700012876594e-08
1961.0,8.322262613118689e-07,1.1946674453886697e-08
1962.0,8.304458263476714e-07,1.1930036276380733e-08
1963.0,8.296055067567903e-07,1.1921554869899776e-08
1964.0,8.30077771296881e-07,1.1940870580553441e-08
1965.0,8.319656138490684e-07,1.197525883844092e-08
1966.0,8.336047461777899e-07,1.2007307411148211e-08
1967.0,8.335146534997892e-07,1.2015142994596902e-08
1968.0,8.319901247094448e-07,1.2002073977450728e-08
1969.0,8.299675868970504e-07,1.1984455416412452e-08
1970.0,8.267942513361008e-07,1.1946029929035318e-08
1971.0,8.192301189272406e-07,1.1844637385106712e-08
1972.0,8.068814130287492e-07,1.1674553314659138e-08
1973.0,7.99153835204201e-07,1.1567559175060195e-08
1974.0,8.031862839074205e-07,1.1637589200372428e-08
1975.0,8.115499742492562e-07,1.1764997427007956e-08
1976.0,8.137544737892342e-07,1.1809632952579719e-08
1977.0,8.068342876050809e-07,1.1720593168554649e-08
1978.0,7.978025617999333e-07,1.1596106808694033e-08
1979.0,7.966835474337279e-07,1.1584810182876433e-08
1980.0,8.022001043092765e-07,1.1676660290093424e-08
1981.0,8.062939455674092e-07,1.1744795728380284e-08
1982.0,8.071722995997541e-07,1.175878703701381e-08
1983.0,8.068293286012562e-07,1.177001519145649e-08
1984.0,8.033690523014187e-07,1.1724189153635331e-08
1985.0,7.954864093461146e-07,1.1620412335526388e-08
1986.0,7.893239939362498e-07,1.1536214620446095e-08
1987.0,7.912583332442681e-07,1.1568282561686029e-08
1988.0,7.977756443634418e-07,1.1672785984855475e-08
1989.0,8.017309672631523e-07,1.1740301864089782e-08
1990.0,8.012936550600037e-07,1.174451231025989e-08
1991.0,7.970822691173682e-07,1.1687753474182872e-08
1992.0,7.891629983003018e-07,1.1582235251701455e-08
1993.0,7.811495158755858e-07,1.1475502742684907e-08
1994.0,7.79259555778543e-07,1.1456264693057177e-08
1995.0,7.82878471731598e-07,1.1509074132433095e-08
1996.0,7.852209242120123e-07,1.1559237695419971e-08
1997.0,7.847723636247577e-07,1.1558389341997419e-08
1998.0,7.853426509313572e-07,1.1573881787974819e-08
1999.0,7.873597388823392e-07,1.1610467931738457e-08
2000.0,7.8756253356974e-07,1.1624309484605305e-08
2001.0,7.848027972578182e-07,1.159208002795875e-08
2002.0,7.815228147639317e-07,1.1552813216849705e-08
2003.0,7.79581272024718e-07,1.15307034830756e-08
2004.0,7.787568790032945e-07,1.152678395585802e-08
2005.0,7.777394555905847e-07,1.1512882899227762e-08
2006.0,7.772521444348861e-07,1.1521126626098561e-08
2007.0,7.776250818518712e-07,1.1534715601583456e-08
2008.0,7.776933040939408e-07,1.1537679912286242e-08
2009.0,7.76779741194749e-07,1.1532182273240549e-08
2010.0,7.758284301279412e-07,1.1529622044432566e-08
2011.0,7.754298025230979e-07,1.153178094873797e-08
2012.0,7.750315763040172e-07,1.1535900257685814e-08
2013.0,7.740902222694486e-07,1.1529829702955156e-08
2014.0,7.727523376304091e-07,1.1516705469568375e-08
2015.0,7.713240240342603e-07,1.1502091818115158e-08
2016.0,7.701209122857162e-07,1.1491174100892183e-08
2017.0,7.690795442559276e-07,1.1481492402820665e-08
2018.0,7.681946445973282e-07,1.1475256792879475e-08
2019.0,7.673207969394443e-07,1.1471230534655087e-08
2020.0,7.662747462811975e-07,1.1463750886783165e-08
2021.0,7.650191330555443e-07,1.1452354613159895e-08
2022.0,7.6368628398606e-07,1.1440089222244097e-08
2023.0,7.622021806613876e-07,1.1425716415947369e-08
2024.0,7.607099446511032e-07,1.1413232960346557e-08
2025.0,7.59399014570899e-07,1.1396631847764381e-08
2026.0,7.580048175628693e-07,1.1384732341151923e-08
2027.0,7.557320363562681e-07,1.1357187738301042e-08
2028.0,7.522342443633092e-07,1.1318064622750008e-08
2029.0,7.481360465344816e-07,1.1259268785781217e-08
2030.0,7.455445627897121e-07,1.1226358588009513e-08
2031.0,7.461451643960127e-07,1.1248114833954501e-08
2032.0,7.48339711647185e-07,1.1282126903735775e-08
2033.0,7.48749673270639e-07,1.129827294591607e-08
2034.0,7.468627327362451e-07,1.1280169827207087e-08
2035.0,7.44646031378656e-07,1.125334169645706e-08
2036.0,7.43219551389174e-07,1.1237589341060927e-08
2037.0,7.411734246882044e-07,1.1215681990164848e-08
2038.0,7.385867847758856e-07,1.1182177190575866e-08
2039.0,7.380589430378505e-07,1.117989340208529e-08
2040.0,7.395451335849664e-07,1.1214412664068366e-08
2041.0,7.403560038373766e-07,1.123552505169778e-08
2042.0,7.400540268859941e-07,1.1230784743106083e-08
2043.0,7.391238768530535e-07,1.1226737233665752e-08
2044.0,7.375864847223078e-07,1.121506060276579e-08
2045.0,7.359209245638167e-07,1.1193524194981133e-08
2046.0,7.347645008681765e-07,1.118797459614817e-08
2047.0,7.336014713146855e-07,1.11722653203327e-08
2048.0,7.321105524655419e-07,1.116011634748764e-08
2049.0,7.304817790980255e-07,1.1140175664599652e-08
2050.0,7.292270398393424e-07,1.1130794854984993e-08
2051.0,7.287956813765182e-07,1.1129525117805331e-08
2052.0,7.287426972108337e-07,1.1134367920270898e-08
2053.0,7.282904809554599e-07,1.1138279059682375e-08
2054.0,7.273043905710432e-07,1.1128401472698291e-08
2055.0,7.260607073879222e-07,1.1117186900598149e-08
2056.0,7.24686697876725e-07,1.1101567332002988e-08
2057.0,7.230296414544138e-07,1.1085550247644217e-08
2058.0,7.206786832956368e-07,1.1053840963185541e-08
2059.0,7.173258022676096e-07,1.1010842288042179e-08
2060.0,7.136281579421428e-07,1.0964232144873616e-08
2061.0,7.112536429393333e-07,1.0937594208409743e-08
2062.0,7.102999191216628e-07,1.0927886687742597e-08
2063.0,7.088988705750404e-07,1.0912164481641709e-08
2064.0,7.086013486772883e-07,1.0913918380604457e-08
2065.0,7.104163665429853e-07,1.0948990485572059e-08
2066.0,7.118697857286516e-07,1.0985408527603095e-08
2067.0,7.111788068163109e-07,1.0979104075187239e-08
2068.0,7.08887422075006e-07,1.0944425787432467e-08
2069.0,7.053043812221261e-07,1.089824133600263e-08
2070.0,7.012364833203256e-07,1.084374026557874e-08
2071.0,6.990130977835021e-07,1.0817240038688477e-08
2072.0,6.988415548489793e-07,1.0817368120353313e-08
2073.0,6.99117914944645e-07,1.0829710764901634e-08
2074.0,6.997991497800793e-07,1.0847756225598546e-08
2075.0,7.010673732666806e-07,1.0877636659378455e-08
2076.0,7.017544132819024e-07,1.0891364911745937e-08
2077.0,7.01443848171992e-07,1.0894890744936907e-08
2078.0,7.002205928014238e-07,1.088146645935595e-08
2079.0,6.974645722024052e-07,1.0847989687791146e-08
2080.0,6.931194706761938e-07,1.078498517980593e-08
2081.0,6.902025934684831e-07,1.074319468989967e-08
2082.0,6.903628957787325e-07,1.0793890899825604e-08
2083.0,6.909690623487317e-07,1.0953526153018819e-08
2084.0,6.898159961798331e-07,1.0881181555616102e-08
2085.0,6.888097931365364e-07,1.0824266921241686e-08
2086.0,6.897018808778552e-07,1.0734207523899535e-08
2087.0,6.905611260307014e-07,1.0616085882630176e-08
2088.0,6.906765037370661e-07,1.0517208280490554e-08
2089.0,6.896853708208373e-07,1.0295156332599266e-08
2090.0,6.8758410901969e-07,1.0196001344157402e-08
2091.0,6.839225525476077e-07,1.0196315462380544e-08
2092.0,6.804557389522232e-07,1.0123666215342893e-08
2093.0,6.811833446134977e-07,1.01923930611506e-08
2094.0,6.848084929028633e-07,1.0251021889619307e-08
2095.0,6.87054611886121e-07,1.016925714731218e-08
2096.0,6.868681293315245e-07,1.0141032231263629e-08
2097.0,6.859633122525345e-07,1.0124277863167615e-08
2098.0,6.851607522507144e-07,1.0100157364195547e-08
2099.0,6.842892313679572e-07,1.027064147197927e-08
2100.0,6.830938951661703e-07,1.0446638565289174e-08
2101.0,6.810576078896644e-07,1.052679959433563e-08
2102.0,6.784146275470242e-07,1.0702154322340279e-08
2103.0,6.75431388288673e-07,1.0688483032584675e-08
2104.0,6.710441843944352e-07,1.0391131457601719e-08
2105.0,6.630396464787108e-07,1.033361681269806e-08
2106.0,6.535500743888997e-07,1.0363390998737041e-08
2107.0,6.506836195720505e-07,1.0437089879674396e-08
2108.0,6.55047685661091e-07,1.070103644507344e-08
2109.0,6.580312501806341e-07,1.085756663536313e-08
2110.0,6.581622386101402e-07,1.0865540102150782e-08
2111.0,6.589588396241736e-07,1.0951807809385012e-08
2112.0,6.596618140440745e-07,1.1006129805877172e-08
2113.0,6.586284885935067e-07,1.0932387683810286e-08
2114.0,6.564879639540314e-07,1.0825282270391712e-08
2115.0,6.540731653523361e-07,1.0654451611543804e-08
2116.0,6.511539556265494e-07,1.0427798419115022e-08
2117.0,6.499799470352781e-07,1.0237535487381609e-08
2118.0,6.519040287616675e-07,1.0156374950429601e-08
2119.0,6.534052680447279e-07,1.0157316286799686e-08
2120.0,6.52133224474783e-07,1.0102193417710945e-08
2121.0,6.50922002258844e-07,1.0148085849408205e-08
2122.0,6.520670282550891e-07,1.0155376608101617e-08
2123.0,6.539059928727663e-07,1.0140165515730656e-08
2124.0,6.5446243995038e-07,1.0144912083420155e-08
2125.0,6.535698441343362e-07,1.0037512744453994e-08
2126.0,6.518865474376965e-07,1.0023106139137208e-08
2127.0,6.508700803817622e-07,1.0101820528704073e-08
2128.0,6.50562499759228e-07,1.0290653428323814e-08
2129.0,6.495266455199604e-07,1.0320325520781059e-08
2130.0,6.478025012567039e-07,1.020922428023692e-08
2131.0,6.464413834897743e-07,1.0147482579678824e-08
2132.0,6.451966663797618e-07,1.0083681691122018e-08
2133.0,6.434937236390002e-07,1.004292209318834e-08
2134.0,6.406468620188792e-07,1.0090834264999862e-08
2135.0,6.357128264702848e-07,1.0127149639830558e-08
2136.0,6.319069725869151e-07,1.0368197174783173e-08
2137.0,6.322371319813135e-07,1.0479857981113994e-08
2138.0,6.3462594551219e-07,1.0644182005625036e-08
2139.0,6.360659401990959e-07,1.0708834513016468e-08
2140.0,6.364898091704795e-07,1.0603966007032669e-08
2141.0,6.360526430451273e-07,1.0566696461234171e-08
2142.0,6.339435819644607e-07,1.0475558434196102e-08
2143.0,6.309167210127935e-07,1.0404019285233059e-08
2144.0,6.283572530380865e-07,1.0339335608178793e-08
2145.0,6.2705085852036e-07,1.0257834603372953e-08
2146.0,6.26786354940819e-07,9.984296088839666e-09
2147.0,6.271516209004684e-07,9.96184125376385e-09
2148.0,6.275127847674908e-07,1.0020052094465316e-08
2149.0,6.272843664303949e-07,9.988134886073804e-09
2150.0,6.275242734514051e-07,1.0248522940007882e-08
2151.0,6.278060530372045e-07,1.0435954689575106e-08
2152.0,6.27240339969303e-07,1.0497156526834394e-08
2153.0,6.263403731895594e-07,1.0463767267060555e-08
2154.0,6.258697658280648e-07,1.0494884886780222e-08
2155.0,6.253597508977233e-07,1.0497459647019843e-08
2156.0,6.247923897609984e-07,1.0442914542675613e-08
2157.0,6.243313510033482e-07,1.04407286946939e-08
2158.0,6.233939933455622e-07,1.0322037520198376e-08
2159.0,6.220948536909623e-07,1.0062731800416374e-08
2160.0,6.201240823711937e-07,9.934419303845716e-09
2161.0,6.170293098713196e-07,9.606236681000883e-09
2162.0,6.128225436623044e-07,9.512931916779518e-09
2163.0,6.066632749531199e-07,9.530484841201703e-09
2164.0,5.956826989636631e-07,9.60218421022839e-09
2165.0,5.807505719510117e-07,9.486982926770564e-09
2166.0,5.715294086120309e-07,9.402028890986342e-09
2167.0,5.764275953036413e-07,9.504577164769722e-09
2168.0,5.898896946101962e-07,9.748205261344409e-09
2169.0,6.008646288514646e-07,9.92126719626158e-09
2170.0,6.065692490911602e-07,1.0058096659560487e-08
2171.0,6.092797427937645e-07,1.0154336874809814e-08
2172.0,6.104984642941173e-07,1.0233722498255675e-08
2173.0,6.105662573297007e-07,1.0238101845098575e-08
2174.0,6.101243888947655e-07,1.0271515299443572e-08
2175.0,6.094098253371123e-07,1.0206979911087653e-08
2176.0,6.082573947438553e-07,1.0141222048567535e-08
2177.0,6.055860820039202e-07,1.0061131159371352e-08
2178.0,6.021611576797984e-07,9.941046572698486e-09
2179.0,6.014183730825723e-07,9.945911810290099e-09
2180.0,6.034510114758696e-07,9.89848492894791e-09
2181.0,6.041544480199296e-07,1.0000099012264243e-08
2182.0,6.024441639973271e-07,1.0326221349625828e-08
2183.0,6.014171951793341e-07,1.0390841226057007e-08
2184.0,6.024971323562066e-07,1.0345767421120885e-08
2185.0,6.028753154542164e-07,1.0158543141449e-08
2186.0,6.007830515925383e-07,1.0010245387859026e-08
2187.0,5.962634582843009e-07,9.966998559773866e-09
2188.0,5.911603727182166e-07,9.995610157223472e-09
2189.0,5.895962422543571e-07,1.0098875860282647e-08
2190.0,5.917152208731441e-07,1.0118525911469612e-08
2191.0,5.942546812570899e-07,1.0171903586577377e-08
2192.0,5.952057527466759e-07,1.020751794776397e-08
2193.0,5.952399643811227e-07,1.0465721025168445e-08
2194.0,5.950198179110824e-07,1.0519413473875884e-08
2195.0,5.95007673939663e-07,1.0403984107193029e-08
2196.0,5.947153312443265e-07,1.033466663750362e-08
2197.0,5.943910872488334e-07,1.0232231906514523e-08
2198.0,5.936179741606671e-07,1.0083941854534187e-08
2199.0,5.925996242497208e-07,9.739603416304692e-09
2200.0,5.924569413618254e-07,9.582859876575842e-09
2201.0,5.926890137984305e-07,9.495525987337498e-09
2202.0,5.930658540425099e-07,9.483930651556584e-09
2203.0,5.92326442434522e-07,9.51942095449955e-09
2204.0,5.899706988932698e-07,9.644531275340772e-09
2205.0,5.838660714157856e-07,9.930599738209588e-09
2206.0,5.762382644669463e-07,1.001059544910648e-08
2207.0,5.732570372982573e-07,9.972499630227564e-09
2208.0,5.757495488032165e-07,1.0042512450399452e-08
2209.0,5.792901089919271e-07,9.81109322622366e-09
2210.0,5.819080000924964e-07,9.588829122130424e-09
2211.0,5.833147882361751e-07,9.552822197924942e-09
2212.0,5.830732329428782e-07,9.477553582738791e-09
2213.0,5.817058784477584e-07,9.53757761015339e-09
2214.0,5.800613080172987e-07,9.813481094183495e-09
2215.0,5.7846637217405e-07,9.899987492439434e-09
2216.0,5.76885248907356e-07,9.921072377207662e-09
2217.0,5.753434333194623e-07,9.981571355412222e-09
2218.0,5.740732635057352e-07,9.685180518265346e-09
2219.0,5.729826247273381e-07,9.638359721155575e-09
2220.0,5.716140817981523e-07,9.665279028626399e-09
2221.0,5.702528656887499e-07,9.65716519738697e-09
2222.0,5.691085432511367e-07,9.714943415941383e-09
2223.0,5.677896942216438e-07,9.735799015799321e-09
2224.0,5.656861004563285e-07,9.567515668305554e-09
2225.0,5.627194795497183e-07,9.647753587256383e-09
2226.0,5.598019193533962e-07,9.846797437358979e-09
2227.0,5.590412769846653e-07,9.952157931379685e-09
2228.0,5.606399674996917e-07,1.0084518084939803e-08
2229.0,5.616841953274124e-07,1.0211075216573067e-08
2230.0,5.615622419429494e-07,1.0155352425675855e-08
2231.0,5.606968753553858e-07,9.930813353803461e-09
2232.0,5.602038041779178e-07,9.9299673246193e-09
2233.0,5.594031902689574e-07,9.856676870959255e-09
2234.0,5.58560021401868e-07,1.023180351412355e-08
2235.0,5.579005537048126e-07,1.0192543408375785e-08
2236.0,5.565325627547078e-07,1.0102114246204594e-08
2237.0,5.545354422363532e-07,1.024731953729054e-08
2238.0,5.515225834246969e-07,9.844465437920388e-09
2239.0,5.49390539519782e-07,9.285964295167478e-09
2240.0,5.497231075822729e-07,9.046657492478008e-09
2241.0,5.502605007322722e-07,8.828474819478724e-09
2242.0,5.501464658061341e-07,8.692109649967295e-09
2243.0,5.499789698239135e-07,8.794389578630225e-09
2244.0,5.506544242035872e-07,8.825538846720034e-09
2245.0,5.513319394566223e-07,9.079103324901623e-09
2246.0,5.502541415223813e-07,9.16399643587991e-09
2247.0,5.47957775079435e-07,9.159073166029914e-09
2248.0,5.462281540477097e-07,9.192624019914536e-09
2249.0,5.463686934371043e-07,9.290711327142751e-09
2250.0,5.46904373464601e-07,9.383114951259159e-09
2251.0,5.464277809744217e-07,9.507368684703267e-09
2252.0,5.45252762127636e-07,9.570039588963553e-09
2253.0,5.437128640228773e-07,9.477889855400236e-09
2254.0,5.427152591258875e-07,9.618824199600892e-09
2255.0,5.431626743091284e-07,9.884709016515113e-09
2256.0,5.443950213071933e-07,9.963562363220035e-09
2257.0,5.452152548470418e-07,9.861045866586689e-09
2258.0,5.455178664116686e-07,9.726318522073539e-09
2259.0,5.453055296863008e-07,9.379710561996021e-09
2260.0,5.430097933681651e-07,9.123518782531027e-09
2261.0,5.38899662213331e-07,9.106224171484126e-09
2262.0,5.343991962303554e-07,9.075461445686223e-09
2263.0,5.318246097503455e-07,9.068087665922487e-09
2264.0,5.325807966684716e-07,9.094171730275514e-09
2265.0,5.330465522924877e-07,9.198876015874956e-09
2266.0,5.323463053284415e-07,9.38570808803625e-09
2267.0,5.336047997120135e-07,9.346593977596014e-09
2268.0,5.360902057361733e-07,9.289599568380823e-09
2269.0,5.377046498294601e-07,9.467621881524135e-09
2270.0,5.368312521349066e-07,9.431140038247543e-09
2271.0,5.357251728466208e-07,9.461150468397572e-09
2272.0,5.354381165595008e-07,9.838331870919387e-09
2273.0,5.349559744332907e-07,9.872754150638935e-09
2274.0,5.337630158498284e-07,9.697040398858901e-09
2275.0,5.324796476967979e-07,9.473168701344045e-09
2276.0,5.314784846263502e-07,9.283120236887944e-09
2277.0,5.307601612633369e-07,9.258312712287617e-09
2278.0,5.294151782291919e-07,9.178077028703529e-09
2279.0,5.262012255281608e-07,9.258377807407424e-09
2280.0,5.203422018926409e-07,9.257002942465035e-09
2281.0,5.143250364345468e-07,9.3150658146426e-09
2282.0,5.139784511680793e-07,9.774526517342139e-09
2283.0,5.192564809896737e-07,1.0067932342674762e-08
2284.0,5.237499474971333e-07,1.03896438298479e-08
2285.0,5.251172679956989e-07,1.0371308359216986e-08
2286.0,5.255196556013262e-07,1.0014599223105259e-08
2287.0,5.252414644667313e-07,9.891270166494861e-09
2288.0,5.242371715617398e-07,9.859120484833286e-09
2289.0,5.227235690967419e-07,9.58630190737682e-09
2290.0,5.210992564837611e-07,9.43229130229667e-09
2291.0,5.191534275464191e-07,9.484544155192067e-09
2292.0,5.168275672855759e-07,9.369420506710826e-09
2293.0,5.136079336920641e-07,9.498776318211497e-09
2294.0,5.107530146789413e-07,9.828137585138759e-09
2295.0,5.100250784372828e-07,9.916260495557689e-09
2296.0,5.104113889457604e-07,1.0187591270196931e-08
2297.0,5.108826621798383e-07,1.0351845821014819e-08
2298.0,5.115468225650714e-07,1.0550381404618976e-08
2299.0,5.117240128457147e-07,1.074237643377223e-08
2300.0,5.1161307450187e-07,1.0640659899381175e-08
2301.0,5.119208121596491e-07,1.041016064765953e-08
2302.0,5.113096914928438e-07,1.0145051525725635e-08
2303.0,5.106409028020047e-07,9.862269958603304e-09
2304.0,5.102845083336552e-07,9.891603893044192e-09
2305.0,5.096741550933481e-07,1.032981814254744e-08
2306.0,5.088261779149311e-07,1.0452965393557744e-08
2307.0,5.082159643691964e-07,1.0528995275989066e-08
2308.0,5.074229902892599e-07,1.067140659458039e-08
2309.0,5.065627787443525e-07,1.0588407877988034e-08
2310.0,5.059069445823382e-07,1.0616917129109184e-08
2311.0,5.054106520976361e-07,1.0706345438546991e-08
2312.0,5.04941132552761e-07,1.0599472801723657e-08
2313.0,5.032658133682992e-07,1.0103910525800645e-08
2314.0,5.012020383753838e-07,9.973136513117294e-09
2315.0,4.997292238433458e-07,1.0062351948949581e-08
2316.0,4.988384239744513e-07,1.0199426669217897e-08
2317.0,4.986363026308153e-07,1.000600140654726e-08
2318.0,4.990699032060494e-07,9.827485560937243e-09
2319.0,4.985060578788779e-07,9.689480250666597e-09
2320.0,4.99107422758053e-07,9.37598355077509e-09
2321.0,4.983915120360637e-07,9.2597344902343e-09
2322.0,4.955215660565465e-07,9.151344124808286e-09
2323.0,4.927844877660216e-07,9.640383233364451e-09
2324.0,4.919273344052827e-07,9.790985012244531e-09
2325.0,4.926475766209553e-07,9.734845438624742e-09
2326.0,4.936292803203183e-07,9.391885081028891e-09
2327.0,4.942548050101564e-07,8.933658954471132e-09
2328.0,4.934301452604981e-07,8.306950432717368e-09
2329.0,4.937329015347164e-07,8.589970198212195e-09
2330.0,4.937675430117376e-07,8.753290443787369e-09
2331.0,4.932389277011043e-07,8.850724776822748e-09
2332.0,4.928539677607029e-07,9.344775286480803e-09
2333.0,4.906547317938855e-07,9.15076644574009e-09
2334.0,4.873842028775813e-07,8.800995461846302e-09
2335.0,4.847705448883491e-07,8.731648108774929e-09
2336.0,4.829650705309315e-07,9.039061014670406e-09
2337.0,4.818348460326061e-07,9.19010520004797e-09
2338.0,4.80343480879372e-07,9.648218799735817e-09
2339.0,4.796825592145677e-07,1.0007958505124921e-08
2340.0,4.810073000935611e-07,9.98010605566123e-09
2341.0,4.828107155080013e-07,9.800366336736773e-09
2342.0,4.838376846984051e-07,9.63708126161739e-09
2343.0,4.838411071660454e-07,9.668126404524261e-09
2344.0,4.839266965522114e-07,9.945292239689707e-09
2345.0,4.832972979494641e-07,9.942178113805343e-09
2346.0,4.827907641188563e-07,9.92744073726106e-09
2347.0,4.822939683015746e-07,9.913149234982062e-09
2348.0,4.816844401924067e-07,9.902541857556138e-09
2349.0,4.808141175486991e-07,9.883836041277052e-09
2350.0,4.791827185013995e-07,9.854158509385507e-09
2351.0,4.76027407088201e-07,9.786386988582287e-09
2352.0,4.7153099321803347e-07,9.694911061576375e-09
2353.0,4.6823460766432327e-07,9.628784243386843e-09
2354.0,4.679712452041703e-07,9.622970158473583e-09
2355.0,4.690264423347449e-07,9.644453351545862e-09
2356.0,4.690469470949227e-07,9.644547329941021e-09
2357.0,4.6801523930891124e-07,9.62437215204984e-09
2358.0,4.6759617242023683e-07,9.614442020519874e-09
2359.0,4.68488026900218e-07,9.627890961087568e-09
2360.0,4.6962957890563017e-07,9.651916251945107e-09
2361.0,4.700955598405938e-07,9.665198112082713e-09
2362.0,4.700114041340202e-07,9.661376980072222e-09
2363.0,4.6977151949316255e-07,9.659667314238467e-09
2364.0,4.694903757715912e-07,9.647439160100177e-09
2365.0,4.690304810933611e-07,9.647289568663528e-09
2366.0,4.6842174317762676e-07,9.633404946194369e-09
2367.0,4.67803590043397e-07,9.626120967877449e-09
2368.0,4.6706017402009654e-07,9.615842501560342e-09
2369.0,4.6605159575520307e-07,9.592131025949127e-09
2370.0,4.652978032718734e-07,9.572009295919714e-09
2371.0,4.6516472476823797e-07,9.57285836837257e-09
2372.0,4.652555241159428e-07,9.571497224890483e-09
2373.0,4.6514356487771503e-07,9.574740093534417e-09
2374.0,4.650683395481201e-07,9.577193956566224e-09
2375.0,4.650586012014281e-07,9.574169921756623e-09
2376.0,4.6505375945311755e-07,9.57017359889973e-09
2377.0,4.64824532693312e-07,9.571601458265022e-09
2378.0,4.642304872005289e-07,9.55677112876479e-09
2379.0,4.633829705591052e-07,9.537856823540245e-09
2380.0,4.625560489684741e-07,9.522427193299637e-09
2381.0,4.611090046833871e-07,9.488445304702818e-09
2382.0,4.5768199549617717e-07,9.419283340358783e-09
2383.0,4.5213364625557674e-07,9.305389416672124e-09
2384.0,4.4662471354533914e-07,9.18747411792439e-09
2385.0,4.4311609337884314e-07,9.121136249094466e-09
2386.0,4.4257064096584114e-07,9.112037564300537e-09
2387.0,4.453773931210234e-07,9.165932519659798e-09
2388.0,4.50026606978646e-07,9.260629522231636e-09
2389.0,4.534041145939782e-07,9.337858233065829e-09
2390.0,4.5460679353160093e-07,9.360763960619171e-09
2391.0,4.545485917819414e-07,9.355556918574096e-09
2392.0,4.5389147161102674e-07,9.344327564558147e-09
2393.0,4.531596405259851e-07,9.329371723258156e-09
2394.0,4.5263239381011676e-07,9.317594819426096e-09
2395.0,4.520806493199832e-07,9.304384503390812e-09
2396.0,4.5176896552015656e-07,9.296198752573659e-09
2397.0,4.5189128864333277e-07,9.295253313314287e-09
2398.0,4.519324884419547e-07,9.3038318982915e-09
2399.0,4.51589283207449e-07,9.292292197342216e-09
2400.0,4.5111006845392173e-07,9.281455580503188e-09
2401.0,4.508402781762359e-07,9.27696977362629e-09
2402.0,4.506251907333351e-07,9.270831190818093e-09
2403.0,4.4997177832889923e-07,9.25871614397996e-09
2404.0,4.491706276552658e-07,9.241773319593563e-09
2405.0,4.4873894130630723e-07,9.23634204765163e-09
2406.0,4.486344060153254e-07,9.230099513405879e-09
2407.0,4.4830969116782244e-07,9.221624522802664e-09
2408.0,4.476535707073373e-07,9.21631258338324e-09
2409.0,4.4704350437793357e-07,9.201326146284912e-09
2410.0,4.4666035131074426e-07,9.197846827782226e-09
2411.0,4.4606273475722165e-07,9.18257642482367e-09
2412.0,4.448287596618699e-07,9.154124650957129e-09
2413.0,4.4233476549201274e-07,9.099282541076926e-09
2414.0,4.391165818637297e-07,9.038884211172717e-09
2415.0,4.371104490681039e-07,8.993412385753272e-09
2416.0,4.3706878648696583e-07,8.997793487370966e-09
2417.0,4.3787233550425575e-07,9.012038666346219e-09
2418.0,4.385056457600153e-07,9.021161477410328e-09
2419.0,4.385058279830558e-07,9.024482133774256e-09
2420.0,4.382140386866356e-07,9.015200409389067e-09
2421.0,4.381892721643377e-07,9.013060521453055e-09
2422.0,4.381523812580638e-07,9.02065131646677e-09
2423.0,4.378058149293981e-07,9.002870978952928e-09
2424.0,4.372654044306267e-07,8.99514117653325e-09
2425.0,4.365869064706533e-07,8.986462686632727e-09
2426.0,4.3561771275839973e-07,8.977568075334668e-09
2427.0,4.346558775246107e-07,8.946365779229545e-09
2428.0,4.3398252624987803e-07,8.92916221290913e-09
2429.0,4.337270612209928e-07,8.927670358629954e-09
2430.0,4.334793707672389e-07,8.923326981568637e-09
2431.0,4.3302369432428985e-07,8.913184395256008e-09
2432.0,4.325494853081887e-07,8.901037786121759e-09
2433.0,4.3200237115597823e-07,8.887794478914563e-09
2434.0,4.3118723423203463e-07,8.874791195223018e-09
2435.0,4.3041199533890666e-07,8.860425698003447e-09
2436.0,4.298129836562911e-07,8.844344251553325e-09
2437.0,4.2896325422574137e-07,8.827777356275846e-09
2438.0,4.2829971073665857e-07,8.813601572140892e-09
2439.0,4.285660425774698e-07,8.818288062868202e-09
2440.0,4.289649136150889e-07,8.827269353588593e-09
2441.0,4.286050612516422e-07,8.817892952923014e-09
2442.0,4.2809627191354796e-07,8.8116133348179e-09
2443.0,4.2751088207597236e-07,8.802106536097554e-09
2444.0,4.2614817498037376e-07,8.769930615782344e-09
2445.0,4.236847326318622e-07,8.721194163841095e-09
2446.0,4.209190233441663e-07,8.661013470851586e-09
2447.0,4.191149783882687e-07,8.622015639029962e-09
2448.0,4.1876133613661805e-07,8.618909474747986e-09
2449.0,4.189486687663298e-07,8.621687755809988e-09
2450.0,4.1904424546369767e-07,8.622183370881277e-09
2451.0,4.191827815242796e-07,8.624509155285488e-09
2452.0,4.19299481125879e-07,8.628455150003436e-09
2453.0,4.186470327054903e-07,8.62113417405928e-09
2454.0,4.169326918055402e-07,8.582322499843419e-09
2455.0,4.144266451068636e-07,8.531858653465437e-09
2456.0,4.118823053422148e-07,8.480525010588839e-09
2457.0,4.1089849192522604e-07,8.457458426307237e-09
2458.0,4.124600223520206e-07,8.489013080405284e-09
2459.0,4.1506944336835786e-07,8.540921514318561e-09
2460.0,4.164860968506346e-07,8.572367109851505e-09
2461.0,4.161908286239066e-07,8.566768809949099e-09
2462.0,4.1488789744656977e-07,8.538537792843777e-09
2463.0,4.138407719038252e-07,8.516585231359636e-09
2464.0,4.1349095844135675e-07,8.511732831182414e-09
2465.0,4.1329813490538365e-07,8.504752097985977e-09
2466.0,4.1339506586841585e-07,8.508673681146533e-09
2467.0,4.135842021923057e-07,8.514495509877142e-09
2468.0,4.134257109121592e-07,8.51074944734784e-09
2469.0,4.130159558212324e-07,8.502651948437248e-09
2470.0,4.12486127010217e-07,8.488291819768278e-09
2471.0,4.116594134989875e-07,8.47195991673596e-09
2472.0,4.101774503519016e-07,8.43945354703832e-09
2473.0,4.085871427187484e-07,8.410106664456998e-09
2474.0,4.082504611120102e-07,8.402449961894818e-09
2475.0,4.091246995169551e-07,8.419135557034968e-09
2476.0,4.095970100572952e-07,8.429444928656064e-09
2477.0,4.088927630047064e-07,8.412388118012213e-09
2478.0,4.060834854064782e-07,8.358997137427472e-09
2479.0,4.011638717014529e-07,8.259914869952815e-09
2480.0,3.9604168896509407e-07,8.150529937855153e-09
2481.0,3.927586393387213e-07,8.084691754311847e-09
2482.0,3.9192993494520106e-07,8.06618407076124e-09
2483.0,3.941376662094445e-07,8.114641373030739e-09
2484.0,3.975606653234039e-07,8.182988220088896e-09
2485.0,3.97223833814288e-07,8.17812258941349e-09
2486.0,3.9301316403818677e-07,8.09009535079203e-09
2487.0,3.91342058782071e-07,8.055973747246007e-09
2488.0,3.947987793427205e-07,8.127392461508275e-09
2489.0,3.987434257870915e-07,8.203969453482721e-09
2490.0,4.002835658761129e-07,8.237993158523477e-09
2491.0,4.001359170277512e-07,8.232308751261969e-09
2492.0,3.9933324985636036e-07,8.211934191939689e-09
2493.0,3.9857595632175193e-07,8.202536168880223e-09
2494.0,3.982352059152276e-07,8.195366418933283e-09
2495.0,3.981360225637484e-07,8.190807832977708e-09
2496.0,3.980195251145016e-07,8.189174739095192e-09
2497.0,3.9766067698033067e-07,8.18337344151612e-09
2498.0,3.9718520487944534e-07,8.170362153175353e-09
2499.0,3.967516764908521e-07,8.16497272649431e-09
2500.0,3.964020969512162e-07,8.159138627102998e-09
